Date,Product,Region,Quantity
2025-01-30,Electronics,North,75
2025-01-30,Clothing,North,69
2025-01-30,Home_Decor,North,72
2025-01-30,Perishables,North,74
2025-01-30,Industrial_Parts,North,183
2025-01-30,Electronics,South,137
2025-01-30,Clothing,South,190
2025-01-30,Home_Decor,South,143
2025-01-30,Perishables,South,160
2025-01-30,Industrial_Parts,South,168
2025-01-30,Electronics,East,154
2025-01-30,Clothing,East,154
2025-01-30,Home_Decor,East,96
2025-01-30,Perishables,East,54
2025-01-30,Industrial_Parts,East,114
2025-01-30,Electronics,West,114
2025-01-30,Clothing,West,181
2025-01-30,Home_Decor,West,148
2025-01-30,Perishables,West,104
2025-01-30,Industrial_Parts,West,167
2025-01-31,Electronics,North,48
2025-01-31,Clothing,North,47
2025-01-31,Home_Decor,North,128
2025-01-31,Perishables,North,152
2025-01-31,Industrial_Parts,North,109
2025-01-31,Electronics,South,193
2025-01-31,Clothing,South,165
2025-01-31,Home_Decor,South,63
2025-01-31,Perishables,South,77
2025-01-31,Industrial_Parts,South,122
2025-01-31,Electronics,East,86
2025-01-31,Clothing,East,142
2025-01-31,Home_Decor,East,188
2025-01-31,Perishables,East,165
2025-01-31,Industrial_Parts,East,48
2025-01-31,Electronics,West,159
2025-01-31,Clothing,West,95
2025-01-31,Home_Decor,West,182
2025-01-31,Perishables,West,133
2025-01-31,Industrial_Parts,West,118
2025-02-01,Electronics,North,171
2025-02-01,Clothing,North,70
2025-02-01,Home_Decor,North,97
2025-02-01,Perishables,North,164
2025-02-01,Industrial_Parts,North,104
2025-02-01,Electronics,South,125
2025-02-01,Clothing,South,141
2025-02-01,Home_Decor,South,127
2025-02-01,Perishables,South,152
2025-02-01,Industrial_Parts,South,66
2025-02-01,Electronics,East,151
2025-02-01,Clothing,East,147
2025-02-01,Home_Decor,East,121
2025-02-01,Perishables,East,55
2025-02-01,Industrial_Parts,East,92
2025-02-01,Electronics,West,172
2025-02-01,Clothing,West,139
2025-02-01,Home_Decor,West,138
2025-02-01,Perishables,West,70
2025-02-01,Industrial_Parts,West,64
2025-02-02,Electronics,North,168
2025-02-02,Clothing,North,132
2025-02-02,Home_Decor,North,73
2025-02-02,Perishables,North,160
2025-02-02,Industrial_Parts,North,111
2025-02-02,Electronics,South,193
2025-02-02,Clothing,South,74
2025-02-02,Home_Decor,South,84
2025-02-02,Perishables,South,91
2025-02-02,Industrial_Parts,South,178
2025-02-02,Electronics,East,142
2025-02-02,Clothing,East,110
2025-02-02,Home_Decor,East,126
2025-02-02,Perishables,East,69
2025-02-02,Industrial_Parts,East,88
2025-02-02,Electronics,West,63
2025-02-02,Clothing,West,101
2025-02-02,Home_Decor,West,80
2025-02-02,Perishables,West,140
2025-02-02,Industrial_Parts,West,96
2025-02-03,Electronics,North,137
2025-02-03,Clothing,North,107
2025-02-03,Home_Decor,North,123
2025-02-03,Perishables,North,71
2025-02-03,Industrial_Parts,North,186
2025-02-03,Electronics,South,135
2025-02-03,Clothing,South,100
2025-02-03,Home_Decor,South,118
2025-02-03,Perishables,South,124
2025-02-03,Industrial_Parts,South,144
2025-02-03,Electronics,East,153
2025-02-03,Clothing,East,208
2025-02-03,Home_Decor,East,74
2025-02-03,Perishables,East,45
2025-02-03,Industrial_Parts,East,72
2025-02-03,Electronics,West,122
2025-02-03,Clothing,West,95
2025-02-03,Home_Decor,West,63
2025-02-03,Perishables,West,73
2025-02-03,Industrial_Parts,West,111
2025-02-04,Electronics,North,103
2025-02-04,Clothing,North,118
2025-02-04,Home_Decor,North,111
2025-02-04,Perishables,North,118
2025-02-04,Industrial_Parts,North,62
2025-02-04,Electronics,South,140
2025-02-04,Clothing,South,141
2025-02-04,Home_Decor,South,96
2025-02-04,Perishables,South,112
2025-02-04,Industrial_Parts,South,147
2025-02-04,Electronics,East,89
2025-02-04,Clothing,East,177
2025-02-04,Home_Decor,East,138
2025-02-04,Perishables,East,72
2025-02-04,Industrial_Parts,East,127
2025-02-04,Electronics,West,96
2025-02-04,Clothing,West,175
2025-02-04,Home_Decor,West,86
2025-02-04,Perishables,West,152
2025-02-04,Industrial_Parts,West,170
2025-02-05,Electronics,North,93
2025-02-05,Clothing,North,166
2025-02-05,Home_Decor,North,138
2025-02-05,Perishables,North,73
2025-02-05,Industrial_Parts,North,192
2025-02-05,Electronics,South,96
2025-02-05,Clothing,South,56
2025-02-05,Home_Decor,South,74
2025-02-05,Perishables,South,149
2025-02-05,Industrial_Parts,South,202
2025-02-05,Electronics,East,152
2025-02-05,Clothing,East,159
2025-02-05,Home_Decor,East,135
2025-02-05,Perishables,East,173
2025-02-05,Industrial_Parts,East,119
2025-02-05,Electronics,West,149
2025-02-05,Clothing,West,151
2025-02-05,Home_Decor,West,183
2025-02-05,Perishables,West,152
2025-02-05,Industrial_Parts,West,155
2025-02-06,Electronics,North,142
2025-02-06,Clothing,North,66
2025-02-06,Home_Decor,North,113
2025-02-06,Perishables,North,62
2025-02-06,Industrial_Parts,North,119
2025-02-06,Electronics,South,82
2025-02-06,Clothing,South,160
2025-02-06,Home_Decor,South,180
2025-02-06,Perishables,South,142
2025-02-06,Industrial_Parts,South,65
2025-02-06,Electronics,East,202
2025-02-06,Clothing,East,128
2025-02-06,Home_Decor,East,169
2025-02-06,Perishables,East,177
2025-02-06,Industrial_Parts,East,113
2025-02-06,Electronics,West,116
2025-02-06,Clothing,West,184
2025-02-06,Home_Decor,West,170
2025-02-06,Perishables,West,52
2025-02-06,Industrial_Parts,West,106
2025-02-07,Electronics,North,200
2025-02-07,Clothing,North,169
2025-02-07,Home_Decor,North,59
2025-02-07,Perishables,North,60
2025-02-07,Industrial_Parts,North,169
2025-02-07,Electronics,South,57
2025-02-07,Clothing,South,129
2025-02-07,Home_Decor,South,138
2025-02-07,Perishables,South,165
2025-02-07,Industrial_Parts,South,162
2025-02-07,Electronics,East,65
2025-02-07,Clothing,East,195
2025-02-07,Home_Decor,East,94
2025-02-07,Perishables,East,166
2025-02-07,Industrial_Parts,East,211
2025-02-07,Electronics,West,47
2025-02-07,Clothing,West,158
2025-02-07,Home_Decor,West,180
2025-02-07,Perishables,West,136
2025-02-07,Industrial_Parts,West,91
2025-02-08,Electronics,North,124
2025-02-08,Clothing,North,80
2025-02-08,Home_Decor,North,177
2025-02-08,Perishables,North,190
2025-02-08,Industrial_Parts,North,68
2025-02-08,Electronics,South,77
2025-02-08,Clothing,South,178
2025-02-08,Home_Decor,South,158
2025-02-08,Perishables,South,103
2025-02-08,Industrial_Parts,South,112
2025-02-08,Electronics,East,198
2025-02-08,Clothing,East,83
2025-02-08,Home_Decor,East,99
2025-02-08,Perishables,East,118
2025-02-08,Industrial_Parts,East,89
2025-02-08,Electronics,West,168
2025-02-08,Clothing,West,143
2025-02-08,Home_Decor,West,49
2025-02-08,Perishables,West,37
2025-02-08,Industrial_Parts,West,115
2025-02-09,Electronics,North,62
2025-02-09,Clothing,North,103
2025-02-09,Home_Decor,North,110
2025-02-09,Perishables,North,187
2025-02-09,Industrial_Parts,North,102
2025-02-09,Electronics,South,155
2025-02-09,Clothing,South,86
2025-02-09,Home_Decor,South,160
2025-02-09,Perishables,South,129
2025-02-09,Industrial_Parts,South,176
2025-02-09,Electronics,East,176
2025-02-09,Clothing,East,208
2025-02-09,Home_Decor,East,126
2025-02-09,Perishables,East,192
2025-02-09,Industrial_Parts,East,121
2025-02-09,Electronics,West,143
2025-02-09,Clothing,West,177
2025-02-09,Home_Decor,West,83
2025-02-09,Perishables,West,131
2025-02-09,Industrial_Parts,West,74
2025-02-10,Electronics,North,42
2025-02-10,Clothing,North,179
2025-02-10,Home_Decor,North,220
2025-02-10,Perishables,North,177
2025-02-10,Industrial_Parts,North,124
2025-02-10,Electronics,South,230
2025-02-10,Clothing,South,195
2025-02-10,Home_Decor,South,62
2025-02-10,Perishables,South,57
2025-02-10,Industrial_Parts,South,187
2025-02-10,Electronics,East,197
2025-02-10,Clothing,East,210
2025-02-10,Home_Decor,East,161
2025-02-10,Perishables,East,218
2025-02-10,Industrial_Parts,East,150
2025-02-10,Electronics,West,71
2025-02-10,Clothing,West,180
2025-02-10,Home_Decor,West,154
2025-02-10,Perishables,West,55
2025-02-10,Industrial_Parts,West,181
2025-02-11,Electronics,North,141
2025-02-11,Clothing,North,179
2025-02-11,Home_Decor,North,88
2025-02-11,Perishables,North,189
2025-02-11,Industrial_Parts,North,112
2025-02-11,Electronics,South,100
2025-02-11,Clothing,South,110
2025-02-11,Home_Decor,South,149
2025-02-11,Perishables,South,225
2025-02-11,Industrial_Parts,South,123
2025-02-11,Electronics,East,149
2025-02-11,Clothing,East,59
2025-02-11,Home_Decor,East,160
2025-02-11,Perishables,East,92
2025-02-11,Industrial_Parts,East,52
2025-02-11,Electronics,West,68
2025-02-11,Clothing,West,71
2025-02-11,Home_Decor,West,176
2025-02-11,Perishables,West,162
2025-02-11,Industrial_Parts,West,54
2025-02-12,Electronics,North,166
2025-02-12,Clothing,North,165
2025-02-12,Home_Decor,North,108
2025-02-12,Perishables,North,148
2025-02-12,Industrial_Parts,North,93
2025-02-12,Electronics,South,121
2025-02-12,Clothing,South,157
2025-02-12,Home_Decor,South,146
2025-02-12,Perishables,South,154
2025-02-12,Industrial_Parts,South,62
2025-02-12,Electronics,East,158
2025-02-12,Clothing,East,226
2025-02-12,Home_Decor,East,155
2025-02-12,Perishables,East,110
2025-02-12,Industrial_Parts,East,147
2025-02-12,Electronics,West,67
2025-02-12,Clothing,West,196
2025-02-12,Home_Decor,West,105
2025-02-12,Perishables,West,164
2025-02-12,Industrial_Parts,West,184
2025-02-13,Electronics,North,79
2025-02-13,Clothing,North,88
2025-02-13,Home_Decor,North,202
2025-02-13,Perishables,North,169
2025-02-13,Industrial_Parts,North,72
2025-02-13,Electronics,South,138
2025-02-13,Clothing,South,199
2025-02-13,Home_Decor,South,63
2025-02-13,Perishables,South,229
2025-02-13,Industrial_Parts,South,152
2025-02-13,Electronics,East,134
2025-02-13,Clothing,East,147
2025-02-13,Home_Decor,East,101
2025-02-13,Perishables,East,61
2025-02-13,Industrial_Parts,East,162
2025-02-13,Electronics,West,109
2025-02-13,Clothing,West,120
2025-02-13,Home_Decor,West,74
2025-02-13,Perishables,West,200
2025-02-13,Industrial_Parts,West,192
2025-02-14,Electronics,North,82
2025-02-14,Clothing,North,173
2025-02-14,Home_Decor,North,178
2025-02-14,Perishables,North,149
2025-02-14,Industrial_Parts,North,70
2025-02-14,Electronics,South,62
2025-02-14,Clothing,South,190
2025-02-14,Home_Decor,South,84
2025-02-14,Perishables,South,139
2025-02-14,Industrial_Parts,South,85
2025-02-14,Electronics,East,161
2025-02-14,Clothing,East,211
2025-02-14,Home_Decor,East,131
2025-02-14,Perishables,East,113
2025-02-14,Industrial_Parts,East,98
2025-02-14,Electronics,West,96
2025-02-14,Clothing,West,105
2025-02-14,Home_Decor,West,77
2025-02-14,Perishables,West,171
2025-02-14,Industrial_Parts,West,92
2025-02-15,Electronics,North,132
2025-02-15,Clothing,North,171
2025-02-15,Home_Decor,North,214
2025-02-15,Perishables,North,201
2025-02-15,Industrial_Parts,North,151
2025-02-15,Electronics,South,111
2025-02-15,Clothing,South,163
2025-02-15,Home_Decor,South,158
2025-02-15,Perishables,South,206
2025-02-15,Industrial_Parts,South,198
2025-02-15,Electronics,East,205
2025-02-15,Clothing,East,184
2025-02-15,Home_Decor,East,96
2025-02-15,Perishables,East,56
2025-02-15,Industrial_Parts,East,171
2025-02-15,Electronics,West,180
2025-02-15,Clothing,West,80
2025-02-15,Home_Decor,West,62
2025-02-15,Perishables,West,208
2025-02-15,Industrial_Parts,West,87
2025-02-16,Electronics,North,152
2025-02-16,Clothing,North,95
2025-02-16,Home_Decor,North,94
2025-02-16,Perishables,North,141
2025-02-16,Industrial_Parts,North,159
2025-02-16,Electronics,South,146
2025-02-16,Clothing,South,109
2025-02-16,Home_Decor,South,105
2025-02-16,Perishables,South,99
2025-02-16,Industrial_Parts,South,142
2025-02-16,Electronics,East,60
2025-02-16,Clothing,East,211
2025-02-16,Home_Decor,East,201
2025-02-16,Perishables,East,171
2025-02-16,Industrial_Parts,East,208
2025-02-16,Electronics,West,149
2025-02-16,Clothing,West,201
2025-02-16,Home_Decor,West,141
2025-02-16,Perishables,West,149
2025-02-16,Industrial_Parts,West,126
2025-02-17,Electronics,North,185
2025-02-17,Clothing,North,135
2025-02-17,Home_Decor,North,136
2025-02-17,Perishables,North,201
2025-02-17,Industrial_Parts,North,175
2025-02-17,Electronics,South,154
2025-02-17,Clothing,South,65
2025-02-17,Home_Decor,South,143
2025-02-17,Perishables,South,60
2025-02-17,Industrial_Parts,South,191
2025-02-17,Electronics,East,95
2025-02-17,Clothing,East,162
2025-02-17,Home_Decor,East,155
2025-02-17,Perishables,East,46
2025-02-17,Industrial_Parts,East,146
2025-02-17,Electronics,West,121
2025-02-17,Clothing,West,149
2025-02-17,Home_Decor,West,230
2025-02-17,Perishables,West,94
2025-02-17,Industrial_Parts,West,71
2025-02-18,Electronics,North,194
2025-02-18,Clothing,North,69
2025-02-18,Home_Decor,North,159
2025-02-18,Perishables,North,54
2025-02-18,Industrial_Parts,North,92
2025-02-18,Electronics,South,153
2025-02-18,Clothing,South,204
2025-02-18,Home_Decor,South,93
2025-02-18,Perishables,South,104
2025-02-18,Industrial_Parts,South,135
2025-02-18,Electronics,East,163
2025-02-18,Clothing,East,183
2025-02-18,Home_Decor,East,91
2025-02-18,Perishables,East,168
2025-02-18,Industrial_Parts,East,63
2025-02-18,Electronics,West,53
2025-02-18,Clothing,West,66
2025-02-18,Home_Decor,West,128
2025-02-18,Perishables,West,170
2025-02-18,Industrial_Parts,West,97
2025-02-19,Electronics,North,159
2025-02-19,Clothing,North,137
2025-02-19,Home_Decor,North,93
2025-02-19,Perishables,North,86
2025-02-19,Industrial_Parts,North,66
2025-02-19,Electronics,South,143
2025-02-19,Clothing,South,72
2025-02-19,Home_Decor,South,171
2025-02-19,Perishables,South,166
2025-02-19,Industrial_Parts,South,214
2025-02-19,Electronics,East,177
2025-02-19,Clothing,East,205
2025-02-19,Home_Decor,East,190
2025-02-19,Perishables,East,178
2025-02-19,Industrial_Parts,East,102
2025-02-19,Electronics,West,98
2025-02-19,Clothing,West,222
2025-02-19,Home_Decor,West,92
2025-02-19,Perishables,West,77
2025-02-19,Industrial_Parts,West,130
2025-02-20,Electronics,North,188
2025-02-20,Clothing,North,185
2025-02-20,Home_Decor,North,77
2025-02-20,Perishables,North,137
2025-02-20,Industrial_Parts,North,127
2025-02-20,Electronics,South,92
2025-02-20,Clothing,South,89
2025-02-20,Home_Decor,South,168
2025-02-20,Perishables,South,62
2025-02-20,Industrial_Parts,South,165
2025-02-20,Electronics,East,171
2025-02-20,Clothing,East,214
2025-02-20,Home_Decor,East,223
2025-02-20,Perishables,East,122
2025-02-20,Industrial_Parts,East,119
2025-02-20,Electronics,West,229
2025-02-20,Clothing,West,89
2025-02-20,Home_Decor,West,120
2025-02-20,Perishables,West,61
2025-02-20,Industrial_Parts,West,93
2025-02-21,Electronics,North,69
2025-02-21,Clothing,North,74
2025-02-21,Home_Decor,North,122
2025-02-21,Perishables,North,106
2025-02-21,Industrial_Parts,North,144
2025-02-21,Electronics,South,62
2025-02-21,Clothing,South,87
2025-02-21,Home_Decor,South,84
2025-02-21,Perishables,South,76
2025-02-21,Industrial_Parts,South,213
2025-02-21,Electronics,East,85
2025-02-21,Clothing,East,146
2025-02-21,Home_Decor,East,97
2025-02-21,Perishables,East,180
2025-02-21,Industrial_Parts,East,130
2025-02-21,Electronics,West,219
2025-02-21,Clothing,West,155
2025-02-21,Home_Decor,West,127
2025-02-21,Perishables,West,54
2025-02-21,Industrial_Parts,West,136
2025-02-22,Electronics,North,215
2025-02-22,Clothing,North,206
2025-02-22,Home_Decor,North,191
2025-02-22,Perishables,North,172
2025-02-22,Industrial_Parts,North,78
2025-02-22,Electronics,South,219
2025-02-22,Clothing,South,193
2025-02-22,Home_Decor,South,216
2025-02-22,Perishables,South,158
2025-02-22,Industrial_Parts,South,98
2025-02-22,Electronics,East,99
2025-02-22,Clothing,East,95
2025-02-22,Home_Decor,East,172
2025-02-22,Perishables,East,136
2025-02-22,Industrial_Parts,East,115
2025-02-22,Electronics,West,82
2025-02-22,Clothing,West,76
2025-02-22,Home_Decor,West,120
2025-02-22,Perishables,West,151
2025-02-22,Industrial_Parts,West,161
2025-02-23,Electronics,North,122
2025-02-23,Clothing,North,215
2025-02-23,Home_Decor,North,96
2025-02-23,Perishables,North,149
2025-02-23,Industrial_Parts,North,216
2025-02-23,Electronics,South,163
2025-02-23,Clothing,South,155
2025-02-23,Home_Decor,South,195
2025-02-23,Perishables,South,219
2025-02-23,Industrial_Parts,South,106
2025-02-23,Electronics,East,227
2025-02-23,Clothing,East,152
2025-02-23,Home_Decor,East,157
2025-02-23,Perishables,East,207
2025-02-23,Industrial_Parts,East,140
2025-02-23,Electronics,West,177
2025-02-23,Clothing,West,140
2025-02-23,Home_Decor,West,129
2025-02-23,Perishables,West,52
2025-02-23,Industrial_Parts,West,120
2025-02-24,Electronics,North,199
2025-02-24,Clothing,North,116
2025-02-24,Home_Decor,North,134
2025-02-24,Perishables,North,69
2025-02-24,Industrial_Parts,North,188
2025-02-24,Electronics,South,191
2025-02-24,Clothing,South,84
2025-02-24,Home_Decor,South,53
2025-02-24,Perishables,South,183
2025-02-24,Industrial_Parts,South,186
2025-02-24,Electronics,East,122
2025-02-24,Clothing,East,198
2025-02-24,Home_Decor,East,145
2025-02-24,Perishables,East,225
2025-02-24,Industrial_Parts,East,78
2025-02-24,Electronics,West,59
2025-02-24,Clothing,West,182
2025-02-24,Home_Decor,West,121
2025-02-24,Perishables,West,124
2025-02-24,Industrial_Parts,West,114
2025-02-25,Electronics,North,184
2025-02-25,Clothing,North,198
2025-02-25,Home_Decor,North,179
2025-02-25,Perishables,North,90
2025-02-25,Industrial_Parts,North,122
2025-02-25,Electronics,South,82
2025-02-25,Clothing,South,104
2025-02-25,Home_Decor,South,142
2025-02-25,Perishables,South,172
2025-02-25,Industrial_Parts,South,113
2025-02-25,Electronics,East,198
2025-02-25,Clothing,East,219
2025-02-25,Home_Decor,East,165
2025-02-25,Perishables,East,133
2025-02-25,Industrial_Parts,East,86
2025-02-25,Electronics,West,137
2025-02-25,Clothing,West,89
2025-02-25,Home_Decor,West,201
2025-02-25,Perishables,West,187
2025-02-25,Industrial_Parts,West,180
2025-02-26,Electronics,North,75
2025-02-26,Clothing,North,146
2025-02-26,Home_Decor,North,102
2025-02-26,Perishables,North,196
2025-02-26,Industrial_Parts,North,61
2025-02-26,Electronics,South,205
2025-02-26,Clothing,South,75
2025-02-26,Home_Decor,South,184
2025-02-26,Perishables,South,126
2025-02-26,Industrial_Parts,South,177
2025-02-26,Electronics,East,201
2025-02-26,Clothing,East,201
2025-02-26,Home_Decor,East,129
2025-02-26,Perishables,East,201
2025-02-26,Industrial_Parts,East,139
2025-02-26,Electronics,West,159
2025-02-26,Clothing,West,220
2025-02-26,Home_Decor,West,148
2025-02-26,Perishables,West,237
2025-02-26,Industrial_Parts,West,163
2025-02-27,Electronics,North,172
2025-02-27,Clothing,North,203
2025-02-27,Home_Decor,North,66
2025-02-27,Perishables,North,65
2025-02-27,Industrial_Parts,North,219
2025-02-27,Electronics,South,80
2025-02-27,Clothing,South,206
2025-02-27,Home_Decor,South,183
2025-02-27,Perishables,South,59
2025-02-27,Industrial_Parts,South,52
2025-02-27,Electronics,East,217
2025-02-27,Clothing,East,88
2025-02-27,Home_Decor,East,215
2025-02-27,Perishables,East,205
2025-02-27,Industrial_Parts,East,176
2025-02-27,Electronics,West,84
2025-02-27,Clothing,West,125
2025-02-27,Home_Decor,West,93
2025-02-27,Perishables,West,209
2025-02-27,Industrial_Parts,West,72
2025-02-28,Electronics,North,221
2025-02-28,Clothing,North,191
2025-02-28,Home_Decor,North,185
2025-02-28,Perishables,North,161
2025-02-28,Industrial_Parts,North,134
2025-02-28,Electronics,South,65
2025-02-28,Clothing,South,140
2025-02-28,Home_Decor,South,69
2025-02-28,Perishables,South,178
2025-02-28,Industrial_Parts,South,54
2025-02-28,Electronics,East,185
2025-02-28,Clothing,East,151
2025-02-28,Home_Decor,East,159
2025-02-28,Perishables,East,88
2025-02-28,Industrial_Parts,East,84
2025-02-28,Electronics,West,76
2025-02-28,Clothing,West,112
2025-02-28,Home_Decor,West,111
2025-02-28,Perishables,West,154
2025-02-28,Industrial_Parts,West,211
2025-03-01,Electronics,North,188
2025-03-01,Clothing,North,88
2025-03-01,Home_Decor,North,176
2025-03-01,Perishables,North,179
2025-03-01,Industrial_Parts,North,97
2025-03-01,Electronics,South,67
2025-03-01,Clothing,South,230
2025-03-01,Home_Decor,South,204
2025-03-01,Perishables,South,190
2025-03-01,Industrial_Parts,South,193
2025-03-01,Electronics,East,181
2025-03-01,Clothing,East,169
2025-03-01,Home_Decor,East,188
2025-03-01,Perishables,East,197
2025-03-01,Industrial_Parts,East,104
2025-03-01,Electronics,West,96
2025-03-01,Clothing,West,126
2025-03-01,Home_Decor,West,136
2025-03-01,Perishables,West,160
2025-03-01,Industrial_Parts,West,185
2025-03-02,Electronics,North,218
2025-03-02,Clothing,North,109
2025-03-02,Home_Decor,North,100
2025-03-02,Perishables,North,172
2025-03-02,Industrial_Parts,North,186
2025-03-02,Electronics,South,139
2025-03-02,Clothing,South,194
2025-03-02,Home_Decor,South,77
2025-03-02,Perishables,South,116
2025-03-02,Industrial_Parts,South,209
2025-03-02,Electronics,East,212
2025-03-02,Clothing,East,195
2025-03-02,Home_Decor,East,112
2025-03-02,Perishables,East,133
2025-03-02,Industrial_Parts,East,81
2025-03-02,Electronics,West,232
2025-03-02,Clothing,West,168
2025-03-02,Home_Decor,West,108
2025-03-02,Perishables,West,158
2025-03-02,Industrial_Parts,West,111
2025-03-03,Electronics,North,219
2025-03-03,Clothing,North,199
2025-03-03,Home_Decor,North,168
2025-03-03,Perishables,North,109
2025-03-03,Industrial_Parts,North,86
2025-03-03,Electronics,South,159
2025-03-03,Clothing,South,57
2025-03-03,Home_Decor,South,78
2025-03-03,Perishables,South,131
2025-03-03,Industrial_Parts,South,50
2025-03-03,Electronics,East,199
2025-03-03,Clothing,East,209
2025-03-03,Home_Decor,East,151
2025-03-03,Perishables,East,70
2025-03-03,Industrial_Parts,East,212
2025-03-03,Electronics,West,210
2025-03-03,Clothing,West,170
2025-03-03,Home_Decor,West,100
2025-03-03,Perishables,West,228
2025-03-03,Industrial_Parts,West,44
2025-03-04,Electronics,North,68
2025-03-04,Clothing,North,152
2025-03-04,Home_Decor,North,126
2025-03-04,Perishables,North,216
2025-03-04,Industrial_Parts,North,226
2025-03-04,Electronics,South,186
2025-03-04,Clothing,South,88
2025-03-04,Home_Decor,South,151
2025-03-04,Perishables,South,156
2025-03-04,Industrial_Parts,South,83
2025-03-04,Electronics,East,163
2025-03-04,Clothing,East,220
2025-03-04,Home_Decor,East,107
2025-03-04,Perishables,East,77
2025-03-04,Industrial_Parts,East,100
2025-03-04,Electronics,West,133
2025-03-04,Clothing,West,86
2025-03-04,Home_Decor,West,117
2025-03-04,Perishables,West,90
2025-03-04,Industrial_Parts,West,180
2025-03-05,Electronics,North,142
2025-03-05,Clothing,North,63
2025-03-05,Home_Decor,North,124
2025-03-05,Perishables,North,150
2025-03-05,Industrial_Parts,North,183
2025-03-05,Electronics,South,133
2025-03-05,Clothing,South,200
2025-03-05,Home_Decor,South,50
2025-03-05,Perishables,South,176
2025-03-05,Industrial_Parts,South,194
2025-03-05,Electronics,East,152
2025-03-05,Clothing,East,220
2025-03-05,Home_Decor,East,64
2025-03-05,Perishables,East,89
2025-03-05,Industrial_Parts,East,197
2025-03-05,Electronics,West,56
2025-03-05,Clothing,West,118
2025-03-05,Home_Decor,West,195
2025-03-05,Perishables,West,188
2025-03-05,Industrial_Parts,West,103
2025-03-06,Electronics,North,75
2025-03-06,Clothing,North,195
2025-03-06,Home_Decor,North,94
2025-03-06,Perishables,North,135
2025-03-06,Industrial_Parts,North,70
2025-03-06,Electronics,South,45
2025-03-06,Clothing,South,123
2025-03-06,Home_Decor,South,103
2025-03-06,Perishables,South,74
2025-03-06,Industrial_Parts,South,167
2025-03-06,Electronics,East,204
2025-03-06,Clothing,East,158
2025-03-06,Home_Decor,East,72
2025-03-06,Perishables,East,189
2025-03-06,Industrial_Parts,East,70
2025-03-06,Electronics,West,83
2025-03-06,Clothing,West,65
2025-03-06,Home_Decor,West,163
2025-03-06,Perishables,West,206
2025-03-06,Industrial_Parts,West,62
2025-03-07,Electronics,North,211
2025-03-07,Clothing,North,118
2025-03-07,Home_Decor,North,166
2025-03-07,Perishables,North,197
2025-03-07,Industrial_Parts,North,90
2025-03-07,Electronics,South,96
2025-03-07,Clothing,South,174
2025-03-07,Home_Decor,South,152
2025-03-07,Perishables,South,201
2025-03-07,Industrial_Parts,South,163
2025-03-07,Electronics,East,187
2025-03-07,Clothing,East,146
2025-03-07,Home_Decor,East,114
2025-03-07,Perishables,East,180
2025-03-07,Industrial_Parts,East,61
2025-03-07,Electronics,West,235
2025-03-07,Clothing,West,99
2025-03-07,Home_Decor,West,64
2025-03-07,Perishables,West,223
2025-03-07,Industrial_Parts,West,186
2025-03-08,Electronics,North,200
2025-03-08,Clothing,North,96
2025-03-08,Home_Decor,North,138
2025-03-08,Perishables,North,122
2025-03-08,Industrial_Parts,North,32
2025-03-08,Electronics,South,120
2025-03-08,Clothing,South,76
2025-03-08,Home_Decor,South,94
2025-03-08,Perishables,South,111
2025-03-08,Industrial_Parts,South,124
2025-03-08,Electronics,East,183
2025-03-08,Clothing,East,85
2025-03-08,Home_Decor,East,99
2025-03-08,Perishables,East,98
2025-03-08,Industrial_Parts,East,217
2025-03-08,Electronics,West,165
2025-03-08,Clothing,West,147
2025-03-08,Home_Decor,West,75
2025-03-08,Perishables,West,218
2025-03-08,Industrial_Parts,West,90
2025-03-09,Electronics,North,134
2025-03-09,Clothing,North,122
2025-03-09,Home_Decor,North,81
2025-03-09,Perishables,North,191
2025-03-09,Industrial_Parts,North,206
2025-03-09,Electronics,South,179
2025-03-09,Clothing,South,196
2025-03-09,Home_Decor,South,105
2025-03-09,Perishables,South,77
2025-03-09,Industrial_Parts,South,186
2025-03-09,Electronics,East,146
2025-03-09,Clothing,East,141
2025-03-09,Home_Decor,East,167
2025-03-09,Perishables,East,165
2025-03-09,Industrial_Parts,East,107
2025-03-09,Electronics,West,175
2025-03-09,Clothing,West,211
2025-03-09,Home_Decor,West,206
2025-03-09,Perishables,West,243
2025-03-09,Industrial_Parts,West,117
2025-03-10,Electronics,North,69
2025-03-10,Clothing,North,227
2025-03-10,Home_Decor,North,211
2025-03-10,Perishables,North,66
2025-03-10,Industrial_Parts,North,177
2025-03-10,Electronics,South,85
2025-03-10,Clothing,South,148
2025-03-10,Home_Decor,South,164
2025-03-10,Perishables,South,179
2025-03-10,Industrial_Parts,South,224
2025-03-10,Electronics,East,186
2025-03-10,Clothing,East,179
2025-03-10,Home_Decor,East,168
2025-03-10,Perishables,East,91
2025-03-10,Industrial_Parts,East,102
2025-03-10,Electronics,West,177
2025-03-10,Clothing,West,105
2025-03-10,Home_Decor,West,100
2025-03-10,Perishables,West,90
2025-03-10,Industrial_Parts,West,206
2025-03-11,Electronics,North,216
2025-03-11,Clothing,North,210
2025-03-11,Home_Decor,North,218
2025-03-11,Perishables,North,204
2025-03-11,Industrial_Parts,North,82
2025-03-11,Electronics,South,247
2025-03-11,Clothing,South,170
2025-03-11,Home_Decor,South,189
2025-03-11,Perishables,South,203
2025-03-11,Industrial_Parts,South,90
2025-03-11,Electronics,East,160
2025-03-11,Clothing,East,174
2025-03-11,Home_Decor,East,175
2025-03-11,Perishables,East,178
2025-03-11,Industrial_Parts,East,133
2025-03-11,Electronics,West,102
2025-03-11,Clothing,West,225
2025-03-11,Home_Decor,West,248
2025-03-11,Perishables,West,109
2025-03-11,Industrial_Parts,West,143
2025-03-12,Electronics,North,35
2025-03-12,Clothing,North,222
2025-03-12,Home_Decor,North,233
2025-03-12,Perishables,North,174
2025-03-12,Industrial_Parts,North,145
2025-03-12,Electronics,South,160
2025-03-12,Clothing,South,189
2025-03-12,Home_Decor,South,107
2025-03-12,Perishables,South,134
2025-03-12,Industrial_Parts,South,160
2025-03-12,Electronics,East,87
2025-03-12,Clothing,East,129
2025-03-12,Home_Decor,East,225
2025-03-12,Perishables,East,146
2025-03-12,Industrial_Parts,East,179
2025-03-12,Electronics,West,167
2025-03-12,Clothing,West,121
2025-03-12,Home_Decor,West,81
2025-03-12,Perishables,West,129
2025-03-12,Industrial_Parts,West,154
2025-03-13,Electronics,North,141
2025-03-13,Clothing,North,209
2025-03-13,Home_Decor,North,213
2025-03-13,Perishables,North,77
2025-03-13,Industrial_Parts,North,177
2025-03-13,Electronics,South,158
2025-03-13,Clothing,South,204
2025-03-13,Home_Decor,South,171
2025-03-13,Perishables,South,102
2025-03-13,Industrial_Parts,South,121
2025-03-13,Electronics,East,195
2025-03-13,Clothing,East,190
2025-03-13,Home_Decor,East,123
2025-03-13,Perishables,East,183
2025-03-13,Industrial_Parts,East,185
2025-03-13,Electronics,West,71
2025-03-13,Clothing,West,126
2025-03-13,Home_Decor,West,138
2025-03-13,Perishables,West,200
2025-03-13,Industrial_Parts,West,215
2025-03-14,Electronics,North,133
2025-03-14,Clothing,North,111
2025-03-14,Home_Decor,North,78
2025-03-14,Perishables,North,82
2025-03-14,Industrial_Parts,North,107
2025-03-14,Electronics,South,145
2025-03-14,Clothing,South,218
2025-03-14,Home_Decor,South,221
2025-03-14,Perishables,South,88
2025-03-14,Industrial_Parts,South,204
2025-03-14,Electronics,East,44
2025-03-14,Clothing,East,156
2025-03-14,Home_Decor,East,130
2025-03-14,Perishables,East,195
2025-03-14,Industrial_Parts,East,138
2025-03-14,Electronics,West,247
2025-03-14,Clothing,West,221
2025-03-14,Home_Decor,West,224
2025-03-14,Perishables,West,86
2025-03-14,Industrial_Parts,West,135
2025-03-15,Electronics,North,208
2025-03-15,Clothing,North,70
2025-03-15,Home_Decor,North,83
2025-03-15,Perishables,North,80
2025-03-15,Industrial_Parts,North,103
2025-03-15,Electronics,South,114
2025-03-15,Clothing,South,177
2025-03-15,Home_Decor,South,181
2025-03-15,Perishables,South,202
2025-03-15,Industrial_Parts,South,222
2025-03-15,Electronics,East,192
2025-03-15,Clothing,East,161
2025-03-15,Home_Decor,East,46
2025-03-15,Perishables,East,86
2025-03-15,Industrial_Parts,East,77
2025-03-15,Electronics,West,161
2025-03-15,Clothing,West,153
2025-03-15,Home_Decor,West,179
2025-03-15,Perishables,West,231
2025-03-15,Industrial_Parts,West,186
2025-03-16,Electronics,North,89
2025-03-16,Clothing,North,189
2025-03-16,Home_Decor,North,125
2025-03-16,Perishables,North,131
2025-03-16,Industrial_Parts,North,206
2025-03-16,Electronics,South,226
2025-03-16,Clothing,South,175
2025-03-16,Home_Decor,South,180
2025-03-16,Perishables,South,58
2025-03-16,Industrial_Parts,South,154
2025-03-16,Electronics,East,184
2025-03-16,Clothing,East,190
2025-03-16,Home_Decor,East,162
2025-03-16,Perishables,East,176
2025-03-16,Industrial_Parts,East,242
2025-03-16,Electronics,West,125
2025-03-16,Clothing,West,134
2025-03-16,Home_Decor,West,209
2025-03-16,Perishables,West,160
2025-03-16,Industrial_Parts,West,72
2025-03-17,Electronics,North,142
2025-03-17,Clothing,North,191
2025-03-17,Home_Decor,North,92
2025-03-17,Perishables,North,175
2025-03-17,Industrial_Parts,North,233
2025-03-17,Electronics,South,215
2025-03-17,Clothing,South,76
2025-03-17,Home_Decor,South,181
2025-03-17,Perishables,South,159
2025-03-17,Industrial_Parts,South,237
2025-03-17,Electronics,East,202
2025-03-17,Clothing,East,137
2025-03-17,Home_Decor,East,181
2025-03-17,Perishables,East,240
2025-03-17,Industrial_Parts,East,80
2025-03-17,Electronics,West,77
2025-03-17,Clothing,West,71
2025-03-17,Home_Decor,West,155
2025-03-17,Perishables,West,98
2025-03-17,Industrial_Parts,West,163
2025-03-18,Electronics,North,69
2025-03-18,Clothing,North,176
2025-03-18,Home_Decor,North,84
2025-03-18,Perishables,North,66
2025-03-18,Industrial_Parts,North,151
2025-03-18,Electronics,South,121
2025-03-18,Clothing,South,242
2025-03-18,Home_Decor,South,131
2025-03-18,Perishables,South,70
2025-03-18,Industrial_Parts,South,156
2025-03-18,Electronics,East,186
2025-03-18,Clothing,East,203
2025-03-18,Home_Decor,East,85
2025-03-18,Perishables,East,181
2025-03-18,Industrial_Parts,East,160
2025-03-18,Electronics,West,57
2025-03-18,Clothing,West,143
2025-03-18,Home_Decor,West,139
2025-03-18,Perishables,West,173
2025-03-18,Industrial_Parts,West,60
2025-03-19,Electronics,North,132
2025-03-19,Clothing,North,136
2025-03-19,Home_Decor,North,81
2025-03-19,Perishables,North,81
2025-03-19,Industrial_Parts,North,196
2025-03-19,Electronics,South,145
2025-03-19,Clothing,South,143
2025-03-19,Home_Decor,South,73
2025-03-19,Perishables,South,114
2025-03-19,Industrial_Parts,South,237
2025-03-19,Electronics,East,161
2025-03-19,Clothing,East,137
2025-03-19,Home_Decor,East,129
2025-03-19,Perishables,East,84
2025-03-19,Industrial_Parts,East,84
2025-03-19,Electronics,West,214
2025-03-19,Clothing,West,202
2025-03-19,Home_Decor,West,116
2025-03-19,Perishables,West,80
2025-03-19,Industrial_Parts,West,190
2025-03-20,Electronics,North,196
2025-03-20,Clothing,North,153
2025-03-20,Home_Decor,North,123
2025-03-20,Perishables,North,124
2025-03-20,Industrial_Parts,North,69
2025-03-20,Electronics,South,66
2025-03-20,Clothing,South,189
2025-03-20,Home_Decor,South,185
2025-03-20,Perishables,South,110
2025-03-20,Industrial_Parts,South,134
2025-03-20,Electronics,East,202
2025-03-20,Clothing,East,244
2025-03-20,Home_Decor,East,59
2025-03-20,Perishables,East,227
2025-03-20,Industrial_Parts,East,239
2025-03-20,Electronics,West,240
2025-03-20,Clothing,West,72
2025-03-20,Home_Decor,West,185
2025-03-20,Perishables,West,72
2025-03-20,Industrial_Parts,West,81
2025-03-21,Electronics,North,117
2025-03-21,Clothing,North,134
2025-03-21,Home_Decor,North,203
2025-03-21,Perishables,North,137
2025-03-21,Industrial_Parts,North,67
2025-03-21,Electronics,South,157
2025-03-21,Clothing,South,205
2025-03-21,Home_Decor,South,151
2025-03-21,Perishables,South,169
2025-03-21,Industrial_Parts,South,143
2025-03-21,Electronics,East,190
2025-03-21,Clothing,East,115
2025-03-21,Home_Decor,East,82
2025-03-21,Perishables,East,142
2025-03-21,Industrial_Parts,East,199
2025-03-21,Electronics,West,79
2025-03-21,Clothing,West,82
2025-03-21,Home_Decor,West,56
2025-03-21,Perishables,West,235
2025-03-21,Industrial_Parts,West,185
2025-03-22,Electronics,North,79
2025-03-22,Clothing,North,82
2025-03-22,Home_Decor,North,160
2025-03-22,Perishables,North,168
2025-03-22,Industrial_Parts,North,242
2025-03-22,Electronics,South,192
2025-03-22,Clothing,South,89
2025-03-22,Home_Decor,South,131
2025-03-22,Perishables,South,197
2025-03-22,Industrial_Parts,South,102
2025-03-22,Electronics,East,186
2025-03-22,Clothing,East,150
2025-03-22,Home_Decor,East,166
2025-03-22,Perishables,East,148
2025-03-22,Industrial_Parts,East,173
2025-03-22,Electronics,West,81
2025-03-22,Clothing,West,123
2025-03-22,Home_Decor,West,179
2025-03-22,Perishables,West,180
2025-03-22,Industrial_Parts,West,85
2025-03-23,Electronics,North,173
2025-03-23,Clothing,North,204
2025-03-23,Home_Decor,North,186
2025-03-23,Perishables,North,240
2025-03-23,Industrial_Parts,North,177
2025-03-23,Electronics,South,229
2025-03-23,Clothing,South,148
2025-03-23,Home_Decor,South,203
2025-03-23,Perishables,South,73
2025-03-23,Industrial_Parts,South,108
2025-03-23,Electronics,East,60
2025-03-23,Clothing,East,130
2025-03-23,Home_Decor,East,158
2025-03-23,Perishables,East,224
2025-03-23,Industrial_Parts,East,174
2025-03-23,Electronics,West,158
2025-03-23,Clothing,West,170
2025-03-23,Home_Decor,West,146
2025-03-23,Perishables,West,106
2025-03-23,Industrial_Parts,West,207
2025-03-24,Electronics,North,89
2025-03-24,Clothing,North,182
2025-03-24,Home_Decor,North,190
2025-03-24,Perishables,North,125
2025-03-24,Industrial_Parts,North,128
2025-03-24,Electronics,South,171
2025-03-24,Clothing,South,99
2025-03-24,Home_Decor,South,131
2025-03-24,Perishables,South,190
2025-03-24,Industrial_Parts,South,137
2025-03-24,Electronics,East,172
2025-03-24,Clothing,East,73
2025-03-24,Home_Decor,East,133
2025-03-24,Perishables,East,167
2025-03-24,Industrial_Parts,East,149
2025-03-24,Electronics,West,136
2025-03-24,Clothing,West,240
2025-03-24,Home_Decor,West,71
2025-03-24,Perishables,West,90
2025-03-24,Industrial_Parts,West,113
2025-03-25,Electronics,North,109
2025-03-25,Clothing,North,94
2025-03-25,Home_Decor,North,67
2025-03-25,Perishables,North,70
2025-03-25,Industrial_Parts,North,103
2025-03-25,Electronics,South,87
2025-03-25,Clothing,South,228
2025-03-25,Home_Decor,South,173
2025-03-25,Perishables,South,135
2025-03-25,Industrial_Parts,South,116
2025-03-25,Electronics,East,211
2025-03-25,Clothing,East,187
2025-03-25,Home_Decor,East,69
2025-03-25,Perishables,East,231
2025-03-25,Industrial_Parts,East,203
2025-03-25,Electronics,West,70
2025-03-25,Clothing,West,73
2025-03-25,Home_Decor,West,111
2025-03-25,Perishables,West,208
2025-03-25,Industrial_Parts,West,68
2025-03-26,Electronics,North,68
2025-03-26,Clothing,North,222
2025-03-26,Home_Decor,North,126
2025-03-26,Perishables,North,54
2025-03-26,Industrial_Parts,North,272
2025-03-26,Electronics,South,231
2025-03-26,Clothing,South,140
2025-03-26,Home_Decor,South,97
2025-03-26,Perishables,South,212
2025-03-26,Industrial_Parts,South,160
2025-03-26,Electronics,East,165
2025-03-26,Clothing,East,95
2025-03-26,Home_Decor,East,154
2025-03-26,Perishables,East,178
2025-03-26,Industrial_Parts,East,81
2025-03-26,Electronics,West,107
2025-03-26,Clothing,West,220
2025-03-26,Home_Decor,West,196
2025-03-26,Perishables,West,121
2025-03-26,Industrial_Parts,West,136
2025-03-27,Electronics,North,103
2025-03-27,Clothing,North,52
2025-03-27,Home_Decor,North,99
2025-03-27,Perishables,North,108
2025-03-27,Industrial_Parts,North,215
2025-03-27,Electronics,South,144
2025-03-27,Clothing,South,137
2025-03-27,Home_Decor,South,80
2025-03-27,Perishables,South,147
2025-03-27,Industrial_Parts,South,179
2025-03-27,Electronics,East,98
2025-03-27,Clothing,East,81
2025-03-27,Home_Decor,East,73
2025-03-27,Perishables,East,147
2025-03-27,Industrial_Parts,East,101
2025-03-27,Electronics,West,195
2025-03-27,Clothing,West,93
2025-03-27,Home_Decor,West,127
2025-03-27,Perishables,West,126
2025-03-27,Industrial_Parts,West,195
2025-03-28,Electronics,North,63
2025-03-28,Clothing,North,95
2025-03-28,Home_Decor,North,99
2025-03-28,Perishables,North,224
2025-03-28,Industrial_Parts,North,224
2025-03-28,Electronics,South,52
2025-03-28,Clothing,South,220
2025-03-28,Home_Decor,South,222
2025-03-28,Perishables,South,184
2025-03-28,Industrial_Parts,South,208
2025-03-28,Electronics,East,71
2025-03-28,Clothing,East,160
2025-03-28,Home_Decor,East,209
2025-03-28,Perishables,East,124
2025-03-28,Industrial_Parts,East,188
2025-03-28,Electronics,West,177
2025-03-28,Clothing,West,175
2025-03-28,Home_Decor,West,87
2025-03-28,Perishables,West,158
2025-03-28,Industrial_Parts,West,219
2025-03-29,Electronics,North,251
2025-03-29,Clothing,North,109
2025-03-29,Home_Decor,North,224
2025-03-29,Perishables,North,71
2025-03-29,Industrial_Parts,North,139
2025-03-29,Electronics,South,236
2025-03-29,Clothing,South,191
2025-03-29,Home_Decor,South,250
2025-03-29,Perishables,South,150
2025-03-29,Industrial_Parts,South,82
2025-03-29,Electronics,East,178
2025-03-29,Clothing,East,187
2025-03-29,Home_Decor,East,206
2025-03-29,Perishables,East,158
2025-03-29,Industrial_Parts,East,74
2025-03-29,Electronics,West,124
2025-03-29,Clothing,West,80
2025-03-29,Home_Decor,West,123
2025-03-29,Perishables,West,231
2025-03-29,Industrial_Parts,West,129
2025-03-30,Electronics,North,179
2025-03-30,Clothing,North,218
2025-03-30,Home_Decor,North,96
2025-03-30,Perishables,North,253
2025-03-30,Industrial_Parts,North,177
2025-03-30,Electronics,South,173
2025-03-30,Clothing,South,93
2025-03-30,Home_Decor,South,151
2025-03-30,Perishables,South,248
2025-03-30,Industrial_Parts,South,123
2025-03-30,Electronics,East,121
2025-03-30,Clothing,East,145
2025-03-30,Home_Decor,East,186
2025-03-30,Perishables,East,97
2025-03-30,Industrial_Parts,East,205
2025-03-30,Electronics,West,111
2025-03-30,Clothing,West,223
2025-03-30,Home_Decor,West,208
2025-03-30,Perishables,West,250
2025-03-30,Industrial_Parts,West,140
2025-03-31,Electronics,North,181
2025-03-31,Clothing,North,235
2025-03-31,Home_Decor,North,83
2025-03-31,Perishables,North,92
2025-03-31,Industrial_Parts,North,208
2025-03-31,Electronics,South,92
2025-03-31,Clothing,South,166
2025-03-31,Home_Decor,South,224
2025-03-31,Perishables,South,152
2025-03-31,Industrial_Parts,South,130
2025-03-31,Electronics,East,233
2025-03-31,Clothing,East,142
2025-03-31,Home_Decor,East,170
2025-03-31,Perishables,East,216
2025-03-31,Industrial_Parts,East,218
2025-03-31,Electronics,West,214
2025-03-31,Clothing,West,243
2025-03-31,Home_Decor,West,221
2025-03-31,Perishables,West,161
2025-03-31,Industrial_Parts,West,200
2025-04-01,Electronics,North,142
2025-04-01,Clothing,North,162
2025-04-01,Home_Decor,North,120
2025-04-01,Perishables,North,158
2025-04-01,Industrial_Parts,North,97
2025-04-01,Electronics,South,106
2025-04-01,Clothing,South,75
2025-04-01,Home_Decor,South,208
2025-04-01,Perishables,South,186
2025-04-01,Industrial_Parts,South,116
2025-04-01,Electronics,East,211
2025-04-01,Clothing,East,146
2025-04-01,Home_Decor,East,98
2025-04-01,Perishables,East,82
2025-04-01,Industrial_Parts,East,226
2025-04-01,Electronics,West,108
2025-04-01,Clothing,West,234
2025-04-01,Home_Decor,West,218
2025-04-01,Perishables,West,213
2025-04-01,Industrial_Parts,West,172
2025-04-02,Electronics,North,227
2025-04-02,Clothing,North,243
2025-04-02,Home_Decor,North,169
2025-04-02,Perishables,North,159
2025-04-02,Industrial_Parts,North,62
2025-04-02,Electronics,South,236
2025-04-02,Clothing,South,98
2025-04-02,Home_Decor,South,227
2025-04-02,Perishables,South,266
2025-04-02,Industrial_Parts,South,118
2025-04-02,Electronics,East,117
2025-04-02,Clothing,East,69
2025-04-02,Home_Decor,East,139
2025-04-02,Perishables,East,203
2025-04-02,Industrial_Parts,East,135
2025-04-02,Electronics,West,157
2025-04-02,Clothing,West,122
2025-04-02,Home_Decor,West,172
2025-04-02,Perishables,West,139
2025-04-02,Industrial_Parts,West,111
2025-04-03,Electronics,North,246
2025-04-03,Clothing,North,138
2025-04-03,Home_Decor,North,112
2025-04-03,Perishables,North,224
2025-04-03,Industrial_Parts,North,195
2025-04-03,Electronics,South,245
2025-04-03,Clothing,South,72
2025-04-03,Home_Decor,South,233
2025-04-03,Perishables,South,81
2025-04-03,Industrial_Parts,South,101
2025-04-03,Electronics,East,53
2025-04-03,Clothing,East,79
2025-04-03,Home_Decor,East,241
2025-04-03,Perishables,East,72
2025-04-03,Industrial_Parts,East,81
2025-04-03,Electronics,West,162
2025-04-03,Clothing,West,103
2025-04-03,Home_Decor,West,232
2025-04-03,Perishables,West,140
2025-04-03,Industrial_Parts,West,182
2025-04-04,Electronics,North,173
2025-04-04,Clothing,North,175
2025-04-04,Home_Decor,North,177
2025-04-04,Perishables,North,197
2025-04-04,Industrial_Parts,North,154
2025-04-04,Electronics,South,114
2025-04-04,Clothing,South,240
2025-04-04,Home_Decor,South,61
2025-04-04,Perishables,South,211
2025-04-04,Industrial_Parts,South,202
2025-04-04,Electronics,East,192
2025-04-04,Clothing,East,226
2025-04-04,Home_Decor,East,114
2025-04-04,Perishables,East,185
2025-04-04,Industrial_Parts,East,187
2025-04-04,Electronics,West,146
2025-04-04,Clothing,West,137
2025-04-04,Home_Decor,West,173
2025-04-04,Perishables,West,80
2025-04-04,Industrial_Parts,West,220
2025-04-05,Electronics,North,100
2025-04-05,Clothing,North,151
2025-04-05,Home_Decor,North,82
2025-04-05,Perishables,North,147
2025-04-05,Industrial_Parts,North,81
2025-04-05,Electronics,South,249
2025-04-05,Clothing,South,178
2025-04-05,Home_Decor,South,102
2025-04-05,Perishables,South,171
2025-04-05,Industrial_Parts,South,129
2025-04-05,Electronics,East,224
2025-04-05,Clothing,East,250
2025-04-05,Home_Decor,East,95
2025-04-05,Perishables,East,245
2025-04-05,Industrial_Parts,East,184
2025-04-05,Electronics,West,63
2025-04-05,Clothing,West,178
2025-04-05,Home_Decor,West,92
2025-04-05,Perishables,West,128
2025-04-05,Industrial_Parts,West,224
2025-04-06,Electronics,North,251
2025-04-06,Clothing,North,96
2025-04-06,Home_Decor,North,174
2025-04-06,Perishables,North,211
2025-04-06,Industrial_Parts,North,130
2025-04-06,Electronics,South,91
2025-04-06,Clothing,South,261
2025-04-06,Home_Decor,South,133
2025-04-06,Perishables,South,215
2025-04-06,Industrial_Parts,South,78
2025-04-06,Electronics,East,176
2025-04-06,Clothing,East,236
2025-04-06,Home_Decor,East,235
2025-04-06,Perishables,East,212
2025-04-06,Industrial_Parts,East,242
2025-04-06,Electronics,West,200
2025-04-06,Clothing,West,133
2025-04-06,Home_Decor,West,196
2025-04-06,Perishables,West,151
2025-04-06,Industrial_Parts,West,136
2025-04-07,Electronics,North,189
2025-04-07,Clothing,North,100
2025-04-07,Home_Decor,North,163
2025-04-07,Perishables,North,116
2025-04-07,Industrial_Parts,North,77
2025-04-07,Electronics,South,236
2025-04-07,Clothing,South,223
2025-04-07,Home_Decor,South,140
2025-04-07,Perishables,South,203
2025-04-07,Industrial_Parts,South,144
2025-04-07,Electronics,East,218
2025-04-07,Clothing,East,56
2025-04-07,Home_Decor,East,224
2025-04-07,Perishables,East,118
2025-04-07,Industrial_Parts,East,96
2025-04-07,Electronics,West,77
2025-04-07,Clothing,West,137
2025-04-07,Home_Decor,West,154
2025-04-07,Perishables,West,93
2025-04-07,Industrial_Parts,West,229
2025-04-08,Electronics,North,77
2025-04-08,Clothing,North,87
2025-04-08,Home_Decor,North,101
2025-04-08,Perishables,North,197
2025-04-08,Industrial_Parts,North,115
2025-04-08,Electronics,South,244
2025-04-08,Clothing,South,240
2025-04-08,Home_Decor,South,220
2025-04-08,Perishables,South,184
2025-04-08,Industrial_Parts,South,203
2025-04-08,Electronics,East,115
2025-04-08,Clothing,East,133
2025-04-08,Home_Decor,East,165
2025-04-08,Perishables,East,133
2025-04-08,Industrial_Parts,East,140
2025-04-08,Electronics,West,98
2025-04-08,Clothing,West,124
2025-04-08,Home_Decor,West,131
2025-04-08,Perishables,West,111
2025-04-08,Industrial_Parts,West,126
2025-04-09,Electronics,North,185
2025-04-09,Clothing,North,250
2025-04-09,Home_Decor,North,167
2025-04-09,Perishables,North,175
2025-04-09,Industrial_Parts,North,143
2025-04-09,Electronics,South,122
2025-04-09,Clothing,South,167
2025-04-09,Home_Decor,South,223
2025-04-09,Perishables,South,100
2025-04-09,Industrial_Parts,South,256
2025-04-09,Electronics,East,116
2025-04-09,Clothing,East,217
2025-04-09,Home_Decor,East,234
2025-04-09,Perishables,East,59
2025-04-09,Industrial_Parts,East,141
2025-04-09,Electronics,West,130
2025-04-09,Clothing,West,130
2025-04-09,Home_Decor,West,66
2025-04-09,Perishables,West,108
2025-04-09,Industrial_Parts,West,178
2025-04-10,Electronics,North,211
2025-04-10,Clothing,North,129
2025-04-10,Home_Decor,North,202
2025-04-10,Perishables,North,114
2025-04-10,Industrial_Parts,North,80
2025-04-10,Electronics,South,235
2025-04-10,Clothing,South,171
2025-04-10,Home_Decor,South,171
2025-04-10,Perishables,South,59
2025-04-10,Industrial_Parts,South,242
2025-04-10,Electronics,East,85
2025-04-10,Clothing,East,122
2025-04-10,Home_Decor,East,154
2025-04-10,Perishables,East,249
2025-04-10,Industrial_Parts,East,92
2025-04-10,Electronics,West,142
2025-04-10,Clothing,West,66
2025-04-10,Home_Decor,West,157
2025-04-10,Perishables,West,82
2025-04-10,Industrial_Parts,West,218
2025-04-11,Electronics,North,225
2025-04-11,Clothing,North,193
2025-04-11,Home_Decor,North,112
2025-04-11,Perishables,North,186
2025-04-11,Industrial_Parts,North,216
2025-04-11,Electronics,South,146
2025-04-11,Clothing,South,57
2025-04-11,Home_Decor,South,82
2025-04-11,Perishables,South,68
2025-04-11,Industrial_Parts,South,165
2025-04-11,Electronics,East,193
2025-04-11,Clothing,East,164
2025-04-11,Home_Decor,East,233
2025-04-11,Perishables,East,252
2025-04-11,Industrial_Parts,East,117
2025-04-11,Electronics,West,88
2025-04-11,Clothing,West,203
2025-04-11,Home_Decor,West,250
2025-04-11,Perishables,West,161
2025-04-11,Industrial_Parts,West,91
2025-04-12,Electronics,North,215
2025-04-12,Clothing,North,182
2025-04-12,Home_Decor,North,90
2025-04-12,Perishables,North,93
2025-04-12,Industrial_Parts,North,166
2025-04-12,Electronics,South,109
2025-04-12,Clothing,South,130
2025-04-12,Home_Decor,South,221
2025-04-12,Perishables,South,78
2025-04-12,Industrial_Parts,South,213
2025-04-12,Electronics,East,103
2025-04-12,Clothing,East,204
2025-04-12,Home_Decor,East,145
2025-04-12,Perishables,East,193
2025-04-12,Industrial_Parts,East,176
2025-04-12,Electronics,West,75
2025-04-12,Clothing,West,219
2025-04-12,Home_Decor,West,232
2025-04-12,Perishables,West,206
2025-04-12,Industrial_Parts,West,235
2025-04-13,Electronics,North,250
2025-04-13,Clothing,North,179
2025-04-13,Home_Decor,North,143
2025-04-13,Perishables,North,177
2025-04-13,Industrial_Parts,North,117
2025-04-13,Electronics,South,67
2025-04-13,Clothing,South,162
2025-04-13,Home_Decor,South,191
2025-04-13,Perishables,South,132
2025-04-13,Industrial_Parts,South,206
2025-04-13,Electronics,East,254
2025-04-13,Clothing,East,104
2025-04-13,Home_Decor,East,249
2025-04-13,Perishables,East,102
2025-04-13,Industrial_Parts,East,104
2025-04-13,Electronics,West,155
2025-04-13,Clothing,West,58
2025-04-13,Home_Decor,West,191
2025-04-13,Perishables,West,128
2025-04-13,Industrial_Parts,West,71
2025-04-14,Electronics,North,125
2025-04-14,Clothing,North,133
2025-04-14,Home_Decor,North,202
2025-04-14,Perishables,North,188
2025-04-14,Industrial_Parts,North,238
2025-04-14,Electronics,South,123
2025-04-14,Clothing,South,105
2025-04-14,Home_Decor,South,211
2025-04-14,Perishables,South,259
2025-04-14,Industrial_Parts,South,105
2025-04-14,Electronics,East,88
2025-04-14,Clothing,East,172
2025-04-14,Home_Decor,East,141
2025-04-14,Perishables,East,189
2025-04-14,Industrial_Parts,East,220
2025-04-14,Electronics,West,187
2025-04-14,Clothing,West,116
2025-04-14,Home_Decor,West,197
2025-04-14,Perishables,West,215
2025-04-14,Industrial_Parts,West,184
2025-04-15,Electronics,North,186
2025-04-15,Clothing,North,154
2025-04-15,Home_Decor,North,191
2025-04-15,Perishables,North,84
2025-04-15,Industrial_Parts,North,112
2025-04-15,Electronics,South,100
2025-04-15,Clothing,South,134
2025-04-15,Home_Decor,South,225
2025-04-15,Perishables,South,236
2025-04-15,Industrial_Parts,South,214
2025-04-15,Electronics,East,178
2025-04-15,Clothing,East,171
2025-04-15,Home_Decor,East,139
2025-04-15,Perishables,East,230
2025-04-15,Industrial_Parts,East,168
2025-04-15,Electronics,West,205
2025-04-15,Clothing,West,164
2025-04-15,Home_Decor,West,100
2025-04-15,Perishables,West,238
2025-04-15,Industrial_Parts,West,170
2025-04-16,Electronics,North,230
2025-04-16,Clothing,North,262
2025-04-16,Home_Decor,North,194
2025-04-16,Perishables,North,194
2025-04-16,Industrial_Parts,North,129
2025-04-16,Electronics,South,228
2025-04-16,Clothing,South,103
2025-04-16,Home_Decor,South,171
2025-04-16,Perishables,South,125
2025-04-16,Industrial_Parts,South,197
2025-04-16,Electronics,East,225
2025-04-16,Clothing,East,256
2025-04-16,Home_Decor,East,254
2025-04-16,Perishables,East,223
2025-04-16,Industrial_Parts,East,225
2025-04-16,Electronics,West,140
2025-04-16,Clothing,West,190
2025-04-16,Home_Decor,West,156
2025-04-16,Perishables,West,232
2025-04-16,Industrial_Parts,West,121
2025-04-17,Electronics,North,103
2025-04-17,Clothing,North,73
2025-04-17,Home_Decor,North,242
2025-04-17,Perishables,North,115
2025-04-17,Industrial_Parts,North,106
2025-04-17,Electronics,South,121
2025-04-17,Clothing,South,206
2025-04-17,Home_Decor,South,64
2025-04-17,Perishables,South,191
2025-04-17,Industrial_Parts,South,174
2025-04-17,Electronics,East,187
2025-04-17,Clothing,East,87
2025-04-17,Home_Decor,East,64
2025-04-17,Perishables,East,215
2025-04-17,Industrial_Parts,East,94
2025-04-17,Electronics,West,125
2025-04-17,Clothing,West,100
2025-04-17,Home_Decor,West,121
2025-04-17,Perishables,West,100
2025-04-17,Industrial_Parts,West,147
2025-04-18,Electronics,North,153
2025-04-18,Clothing,North,200
2025-04-18,Home_Decor,North,170
2025-04-18,Perishables,North,186
2025-04-18,Industrial_Parts,North,167
2025-04-18,Electronics,South,242
2025-04-18,Clothing,South,206
2025-04-18,Home_Decor,South,178
2025-04-18,Perishables,South,261
2025-04-18,Industrial_Parts,South,150
2025-04-18,Electronics,East,238
2025-04-18,Clothing,East,211
2025-04-18,Home_Decor,East,151
2025-04-18,Perishables,East,99
2025-04-18,Industrial_Parts,East,142
2025-04-18,Electronics,West,76
2025-04-18,Clothing,West,249
2025-04-18,Home_Decor,West,106
2025-04-18,Perishables,West,86
2025-04-18,Industrial_Parts,West,97
2025-04-19,Electronics,North,117
2025-04-19,Clothing,North,109
2025-04-19,Home_Decor,North,187
2025-04-19,Perishables,North,216
2025-04-19,Industrial_Parts,North,148
2025-04-19,Electronics,South,97
2025-04-19,Clothing,South,161
2025-04-19,Home_Decor,South,108
2025-04-19,Perishables,South,149
2025-04-19,Industrial_Parts,South,245
2025-04-19,Electronics,East,192
2025-04-19,Clothing,East,142
2025-04-19,Home_Decor,East,208
2025-04-19,Perishables,East,228
2025-04-19,Industrial_Parts,East,180
2025-04-19,Electronics,West,82
2025-04-19,Clothing,West,150
2025-04-19,Home_Decor,West,116
2025-04-19,Perishables,West,129
2025-04-19,Industrial_Parts,West,69
2025-04-20,Electronics,North,237
2025-04-20,Clothing,North,189
2025-04-20,Home_Decor,North,172
2025-04-20,Perishables,North,174
2025-04-20,Industrial_Parts,North,184
2025-04-20,Electronics,South,232
2025-04-20,Clothing,South,112
2025-04-20,Home_Decor,South,153
2025-04-20,Perishables,South,223
2025-04-20,Industrial_Parts,South,155
2025-04-20,Electronics,East,117
2025-04-20,Clothing,East,240
2025-04-20,Home_Decor,East,245
2025-04-20,Perishables,East,205
2025-04-20,Industrial_Parts,East,77
2025-04-20,Electronics,West,78
2025-04-20,Clothing,West,117
2025-04-20,Home_Decor,West,120
2025-04-20,Perishables,West,261
2025-04-20,Industrial_Parts,West,211
2025-04-21,Electronics,North,105
2025-04-21,Clothing,North,161
2025-04-21,Home_Decor,North,180
2025-04-21,Perishables,North,80
2025-04-21,Industrial_Parts,North,223
2025-04-21,Electronics,South,212
2025-04-21,Clothing,South,242
2025-04-21,Home_Decor,South,160
2025-04-21,Perishables,South,143
2025-04-21,Industrial_Parts,South,205
2025-04-21,Electronics,East,56
2025-04-21,Clothing,East,70
2025-04-21,Home_Decor,East,161
2025-04-21,Perishables,East,140
2025-04-21,Industrial_Parts,East,86
2025-04-21,Electronics,West,185
2025-04-21,Clothing,West,176
2025-04-21,Home_Decor,West,158
2025-04-21,Perishables,West,124
2025-04-21,Industrial_Parts,West,68
2025-04-22,Electronics,North,235
2025-04-22,Clothing,North,127
2025-04-22,Home_Decor,North,77
2025-04-22,Perishables,North,74
2025-04-22,Industrial_Parts,North,228
2025-04-22,Electronics,South,182
2025-04-22,Clothing,South,245
2025-04-22,Home_Decor,South,242
2025-04-22,Perishables,South,104
2025-04-22,Industrial_Parts,South,123
2025-04-22,Electronics,East,69
2025-04-22,Clothing,East,61
2025-04-22,Home_Decor,East,238
2025-04-22,Perishables,East,178
2025-04-22,Industrial_Parts,East,236
2025-04-22,Electronics,West,250
2025-04-22,Clothing,West,181
2025-04-22,Home_Decor,West,223
2025-04-22,Perishables,West,191
2025-04-22,Industrial_Parts,West,172
2025-04-23,Electronics,North,254
2025-04-23,Clothing,North,237
2025-04-23,Home_Decor,North,202
2025-04-23,Perishables,North,197
2025-04-23,Industrial_Parts,North,253
2025-04-23,Electronics,South,248
2025-04-23,Clothing,South,229
2025-04-23,Home_Decor,South,175
2025-04-23,Perishables,South,62
2025-04-23,Industrial_Parts,South,228
2025-04-23,Electronics,East,100
2025-04-23,Clothing,East,242
2025-04-23,Home_Decor,East,89
2025-04-23,Perishables,East,226
2025-04-23,Industrial_Parts,East,101
2025-04-23,Electronics,West,118
2025-04-23,Clothing,West,87
2025-04-23,Home_Decor,West,247
2025-04-23,Perishables,West,146
2025-04-23,Industrial_Parts,West,148
2025-04-24,Electronics,North,118
2025-04-24,Clothing,North,103
2025-04-24,Home_Decor,North,164
2025-04-24,Perishables,North,124
2025-04-24,Industrial_Parts,North,108
2025-04-24,Electronics,South,232
2025-04-24,Clothing,South,185
2025-04-24,Home_Decor,South,118
2025-04-24,Perishables,South,106
2025-04-24,Industrial_Parts,South,161
2025-04-24,Electronics,East,168
2025-04-24,Clothing,East,211
2025-04-24,Home_Decor,East,107
2025-04-24,Perishables,East,213
2025-04-24,Industrial_Parts,East,96
2025-04-24,Electronics,West,244
2025-04-24,Clothing,West,146
2025-04-24,Home_Decor,West,178
2025-04-24,Perishables,West,67
2025-04-24,Industrial_Parts,West,132
2025-04-25,Electronics,North,81
2025-04-25,Clothing,North,165
2025-04-25,Home_Decor,North,97
2025-04-25,Perishables,North,173
2025-04-25,Industrial_Parts,North,119
2025-04-25,Electronics,South,151
2025-04-25,Clothing,South,260
2025-04-25,Home_Decor,South,259
2025-04-25,Perishables,South,223
2025-04-25,Industrial_Parts,South,61
2025-04-25,Electronics,East,89
2025-04-25,Clothing,East,142
2025-04-25,Home_Decor,East,166
2025-04-25,Perishables,East,81
2025-04-25,Industrial_Parts,East,140
2025-04-25,Electronics,West,126
2025-04-25,Clothing,West,261
2025-04-25,Home_Decor,West,249
2025-04-25,Perishables,West,215
2025-04-25,Industrial_Parts,West,261
2025-04-26,Electronics,North,226
2025-04-26,Clothing,North,163
2025-04-26,Home_Decor,North,104
2025-04-26,Perishables,North,98
2025-04-26,Industrial_Parts,North,81
2025-04-26,Electronics,South,71
2025-04-26,Clothing,South,125
2025-04-26,Home_Decor,South,196
2025-04-26,Perishables,South,133
2025-04-26,Industrial_Parts,South,137
2025-04-26,Electronics,East,268
2025-04-26,Clothing,East,229
2025-04-26,Home_Decor,East,229
2025-04-26,Perishables,East,250
2025-04-26,Industrial_Parts,East,226
2025-04-26,Electronics,West,266
2025-04-26,Clothing,West,171
2025-04-26,Home_Decor,West,238
2025-04-26,Perishables,West,146
2025-04-26,Industrial_Parts,West,185
2025-04-27,Electronics,North,265
2025-04-27,Clothing,North,143
2025-04-27,Home_Decor,North,158
2025-04-27,Perishables,North,119
2025-04-27,Industrial_Parts,North,179
2025-04-27,Electronics,South,185
2025-04-27,Clothing,South,180
2025-04-27,Home_Decor,South,94
2025-04-27,Perishables,South,239
2025-04-27,Industrial_Parts,South,95
2025-04-27,Electronics,East,139
2025-04-27,Clothing,East,78
2025-04-27,Home_Decor,East,216
2025-04-27,Perishables,East,98
2025-04-27,Industrial_Parts,East,76
2025-04-27,Electronics,West,198
2025-04-27,Clothing,West,120
2025-04-27,Home_Decor,West,219
2025-04-27,Perishables,West,150
2025-04-27,Industrial_Parts,West,145
2025-04-28,Electronics,North,104
2025-04-28,Clothing,North,119
2025-04-28,Home_Decor,North,95
2025-04-28,Perishables,North,149
2025-04-28,Industrial_Parts,North,81
2025-04-28,Electronics,South,168
2025-04-28,Clothing,South,190
2025-04-28,Home_Decor,South,97
2025-04-28,Perishables,South,232
2025-04-28,Industrial_Parts,South,79
2025-04-28,Electronics,East,82
2025-04-28,Clothing,East,203
2025-04-28,Home_Decor,East,77
2025-04-28,Perishables,East,212
2025-04-28,Industrial_Parts,East,91
2025-04-28,Electronics,West,256
2025-04-28,Clothing,West,104
2025-04-28,Home_Decor,West,199
2025-04-28,Perishables,West,185
2025-04-28,Industrial_Parts,West,254
2025-04-29,Electronics,North,120
2025-04-29,Clothing,North,185
2025-04-29,Home_Decor,North,196
2025-04-29,Perishables,North,132
2025-04-29,Industrial_Parts,North,74
2025-04-29,Electronics,South,140
2025-04-29,Clothing,South,167
2025-04-29,Home_Decor,South,66
2025-04-29,Perishables,South,153
2025-04-29,Industrial_Parts,South,185
2025-04-29,Electronics,East,265
2025-04-29,Clothing,East,213
2025-04-29,Home_Decor,East,169
2025-04-29,Perishables,East,254
2025-04-29,Industrial_Parts,East,234
2025-04-29,Electronics,West,143
2025-04-29,Clothing,West,147
2025-04-29,Home_Decor,West,74
2025-04-29,Perishables,West,203
2025-04-29,Industrial_Parts,West,243
2025-04-30,Electronics,North,65
2025-04-30,Clothing,North,65
2025-04-30,Home_Decor,North,252
2025-04-30,Perishables,North,223
2025-04-30,Industrial_Parts,North,236
2025-04-30,Electronics,South,159
2025-04-30,Clothing,South,228
2025-04-30,Home_Decor,South,109
2025-04-30,Perishables,South,119
2025-04-30,Industrial_Parts,South,209
2025-04-30,Electronics,East,214
2025-04-30,Clothing,East,79
2025-04-30,Home_Decor,East,93
2025-04-30,Perishables,East,224
2025-04-30,Industrial_Parts,East,193
2025-04-30,Electronics,West,173
2025-04-30,Clothing,West,145
2025-04-30,Home_Decor,West,100
2025-04-30,Perishables,West,234
2025-04-30,Industrial_Parts,West,112
2025-05-01,Electronics,North,151
2025-05-01,Clothing,North,81
2025-05-01,Home_Decor,North,206
2025-05-01,Perishables,North,179
2025-05-01,Industrial_Parts,North,159
2025-05-01,Electronics,South,168
2025-05-01,Clothing,South,73
2025-05-01,Home_Decor,South,233
2025-05-01,Perishables,South,157
2025-05-01,Industrial_Parts,South,181
2025-05-01,Electronics,East,241
2025-05-01,Clothing,East,216
2025-05-01,Home_Decor,East,217
2025-05-01,Perishables,East,226
2025-05-01,Industrial_Parts,East,133
2025-05-01,Electronics,West,225
2025-05-01,Clothing,West,202
2025-05-01,Home_Decor,West,148
2025-05-01,Perishables,West,93
2025-05-01,Industrial_Parts,West,251
2025-05-02,Electronics,North,125
2025-05-02,Clothing,North,108
2025-05-02,Home_Decor,North,95
2025-05-02,Perishables,North,248
2025-05-02,Industrial_Parts,North,257
2025-05-02,Electronics,South,117
2025-05-02,Clothing,South,160
2025-05-02,Home_Decor,South,188
2025-05-02,Perishables,South,125
2025-05-02,Industrial_Parts,South,126
2025-05-02,Electronics,East,248
2025-05-02,Clothing,East,95
2025-05-02,Home_Decor,East,73
2025-05-02,Perishables,East,249
2025-05-02,Industrial_Parts,East,118
2025-05-02,Electronics,West,92
2025-05-02,Clothing,West,251
2025-05-02,Home_Decor,West,163
2025-05-02,Perishables,West,154
2025-05-02,Industrial_Parts,West,106
2025-05-03,Electronics,North,116
2025-05-03,Clothing,North,238
2025-05-03,Home_Decor,North,212
2025-05-03,Perishables,North,206
2025-05-03,Industrial_Parts,North,145
2025-05-03,Electronics,South,103
2025-05-03,Clothing,South,226
2025-05-03,Home_Decor,South,147
2025-05-03,Perishables,South,127
2025-05-03,Industrial_Parts,South,111
2025-05-03,Electronics,East,210
2025-05-03,Clothing,East,112
2025-05-03,Home_Decor,East,193
2025-05-03,Perishables,East,174
2025-05-03,Industrial_Parts,East,202
2025-05-03,Electronics,West,200
2025-05-03,Clothing,West,225
2025-05-03,Home_Decor,West,108
2025-05-03,Perishables,West,94
2025-05-03,Industrial_Parts,West,94
2025-05-04,Electronics,North,219
2025-05-04,Clothing,North,161
2025-05-04,Home_Decor,North,110
2025-05-04,Perishables,North,130
2025-05-04,Industrial_Parts,North,221
2025-05-04,Electronics,South,196
2025-05-04,Clothing,South,198
2025-05-04,Home_Decor,South,130
2025-05-04,Perishables,South,83
2025-05-04,Industrial_Parts,South,188
2025-05-04,Electronics,East,91
2025-05-04,Clothing,East,138
2025-05-04,Home_Decor,East,86
2025-05-04,Perishables,East,185
2025-05-04,Industrial_Parts,East,89
2025-05-04,Electronics,West,124
2025-05-04,Clothing,West,130
2025-05-04,Home_Decor,West,85
2025-05-04,Perishables,West,131
2025-05-04,Industrial_Parts,West,180
2025-05-05,Electronics,North,87
2025-05-05,Clothing,North,131
2025-05-05,Home_Decor,North,188
2025-05-05,Perishables,North,245
2025-05-05,Industrial_Parts,North,253
2025-05-05,Electronics,South,84
2025-05-05,Clothing,South,223
2025-05-05,Home_Decor,South,187
2025-05-05,Perishables,South,234
2025-05-05,Industrial_Parts,South,194
2025-05-05,Electronics,East,176
2025-05-05,Clothing,East,229
2025-05-05,Home_Decor,East,88
2025-05-05,Perishables,East,241
2025-05-05,Industrial_Parts,East,56
2025-05-05,Electronics,West,134
2025-05-05,Clothing,West,102
2025-05-05,Home_Decor,West,228
2025-05-05,Perishables,West,224
2025-05-05,Industrial_Parts,West,80
2025-05-06,Electronics,North,264
2025-05-06,Clothing,North,98
2025-05-06,Home_Decor,North,74
2025-05-06,Perishables,North,105
2025-05-06,Industrial_Parts,North,251
2025-05-06,Electronics,South,207
2025-05-06,Clothing,South,186
2025-05-06,Home_Decor,South,243
2025-05-06,Perishables,South,111
2025-05-06,Industrial_Parts,South,92
2025-05-06,Electronics,East,157
2025-05-06,Clothing,East,136
2025-05-06,Home_Decor,East,173
2025-05-06,Perishables,East,202
2025-05-06,Industrial_Parts,East,104
2025-05-06,Electronics,West,245
2025-05-06,Clothing,West,240
2025-05-06,Home_Decor,West,233
2025-05-06,Perishables,West,235
2025-05-06,Industrial_Parts,West,217
2025-05-07,Electronics,North,95
2025-05-07,Clothing,North,182
2025-05-07,Home_Decor,North,116
2025-05-07,Perishables,North,110
2025-05-07,Industrial_Parts,North,93
2025-05-07,Electronics,South,153
2025-05-07,Clothing,South,175
2025-05-07,Home_Decor,South,121
2025-05-07,Perishables,South,178
2025-05-07,Industrial_Parts,South,177
2025-05-07,Electronics,East,138
2025-05-07,Clothing,East,249
2025-05-07,Home_Decor,East,202
2025-05-07,Perishables,East,67
2025-05-07,Industrial_Parts,East,207
2025-05-07,Electronics,West,158
2025-05-07,Clothing,West,108
2025-05-07,Home_Decor,West,87
2025-05-07,Perishables,West,182
2025-05-07,Industrial_Parts,West,141
2025-05-08,Electronics,North,245
2025-05-08,Clothing,North,231
2025-05-08,Home_Decor,North,185
2025-05-08,Perishables,North,249
2025-05-08,Industrial_Parts,North,151
2025-05-08,Electronics,South,139
2025-05-08,Clothing,South,138
2025-05-08,Home_Decor,South,134
2025-05-08,Perishables,South,50
2025-05-08,Industrial_Parts,South,121
2025-05-08,Electronics,East,146
2025-05-08,Clothing,East,150
2025-05-08,Home_Decor,East,212
2025-05-08,Perishables,East,88
2025-05-08,Industrial_Parts,East,229
2025-05-08,Electronics,West,116
2025-05-08,Clothing,West,241
2025-05-08,Home_Decor,West,166
2025-05-08,Perishables,West,147
2025-05-08,Industrial_Parts,West,96
2025-05-09,Electronics,North,244
2025-05-09,Clothing,North,106
2025-05-09,Home_Decor,North,227
2025-05-09,Perishables,North,136
2025-05-09,Industrial_Parts,North,239
2025-05-09,Electronics,South,145
2025-05-09,Clothing,South,105
2025-05-09,Home_Decor,South,163
2025-05-09,Perishables,South,206
2025-05-09,Industrial_Parts,South,145
2025-05-09,Electronics,East,119
2025-05-09,Clothing,East,162
2025-05-09,Home_Decor,East,83
2025-05-09,Perishables,East,214
2025-05-09,Industrial_Parts,East,229
2025-05-09,Electronics,West,133
2025-05-09,Clothing,West,98
2025-05-09,Home_Decor,West,82
2025-05-09,Perishables,West,231
2025-05-09,Industrial_Parts,West,242
2025-05-10,Electronics,North,144
2025-05-10,Clothing,North,150
2025-05-10,Home_Decor,North,186
2025-05-10,Perishables,North,205
2025-05-10,Industrial_Parts,North,135
2025-05-10,Electronics,South,167
2025-05-10,Clothing,South,118
2025-05-10,Home_Decor,South,145
2025-05-10,Perishables,South,101
2025-05-10,Industrial_Parts,South,203
2025-05-10,Electronics,East,216
2025-05-10,Clothing,East,149
2025-05-10,Home_Decor,East,141
2025-05-10,Perishables,East,92
2025-05-10,Industrial_Parts,East,191
2025-05-10,Electronics,West,203
2025-05-10,Clothing,West,254
2025-05-10,Home_Decor,West,184
2025-05-10,Perishables,West,221
2025-05-10,Industrial_Parts,West,212
2025-05-11,Electronics,North,223
2025-05-11,Clothing,North,172
2025-05-11,Home_Decor,North,262
2025-05-11,Perishables,North,161
2025-05-11,Industrial_Parts,North,99
2025-05-11,Electronics,South,238
2025-05-11,Clothing,South,142
2025-05-11,Home_Decor,South,91
2025-05-11,Perishables,South,133
2025-05-11,Industrial_Parts,South,152
2025-05-11,Electronics,East,196
2025-05-11,Clothing,East,212
2025-05-11,Home_Decor,East,172
2025-05-11,Perishables,East,126
2025-05-11,Industrial_Parts,East,98
2025-05-11,Electronics,West,157
2025-05-11,Clothing,West,109
2025-05-11,Home_Decor,West,90
2025-05-11,Perishables,West,254
2025-05-11,Industrial_Parts,West,146
2025-05-12,Electronics,North,103
2025-05-12,Clothing,North,148
2025-05-12,Home_Decor,North,207
2025-05-12,Perishables,North,216
2025-05-12,Industrial_Parts,North,83
2025-05-12,Electronics,South,178
2025-05-12,Clothing,South,86
2025-05-12,Home_Decor,South,180
2025-05-12,Perishables,South,251
2025-05-12,Industrial_Parts,South,90
2025-05-12,Electronics,East,59
2025-05-12,Clothing,East,210
2025-05-12,Home_Decor,East,240
2025-05-12,Perishables,East,215
2025-05-12,Industrial_Parts,East,113
2025-05-12,Electronics,West,146
2025-05-12,Clothing,West,101
2025-05-12,Home_Decor,West,227
2025-05-12,Perishables,West,203
2025-05-12,Industrial_Parts,West,164
2025-05-13,Electronics,North,162
2025-05-13,Clothing,North,151
2025-05-13,Home_Decor,North,198
2025-05-13,Perishables,North,139
2025-05-13,Industrial_Parts,North,189
2025-05-13,Electronics,South,244
2025-05-13,Clothing,South,259
2025-05-13,Home_Decor,South,199
2025-05-13,Perishables,South,233
2025-05-13,Industrial_Parts,South,76
2025-05-13,Electronics,East,163
2025-05-13,Clothing,East,231
2025-05-13,Home_Decor,East,180
2025-05-13,Perishables,East,239
2025-05-13,Industrial_Parts,East,148
2025-05-13,Electronics,West,67
2025-05-13,Clothing,West,167
2025-05-13,Home_Decor,West,219
2025-05-13,Perishables,West,86
2025-05-13,Industrial_Parts,West,146
2025-05-14,Electronics,North,234
2025-05-14,Clothing,North,202
2025-05-14,Home_Decor,North,243
2025-05-14,Perishables,North,124
2025-05-14,Industrial_Parts,North,157
2025-05-14,Electronics,South,237
2025-05-14,Clothing,South,148
2025-05-14,Home_Decor,South,55
2025-05-14,Perishables,South,178
2025-05-14,Industrial_Parts,South,168
2025-05-14,Electronics,East,197
2025-05-14,Clothing,East,246
2025-05-14,Home_Decor,East,203
2025-05-14,Perishables,East,190
2025-05-14,Industrial_Parts,East,120
2025-05-14,Electronics,West,76
2025-05-14,Clothing,West,212
2025-05-14,Home_Decor,West,245
2025-05-14,Perishables,West,158
2025-05-14,Industrial_Parts,West,214
2025-05-15,Electronics,North,108
2025-05-15,Clothing,North,116
2025-05-15,Home_Decor,North,99
2025-05-15,Perishables,North,82
2025-05-15,Industrial_Parts,North,242
2025-05-15,Electronics,South,225
2025-05-15,Clothing,South,52
2025-05-15,Home_Decor,South,109
2025-05-15,Perishables,South,271
2025-05-15,Industrial_Parts,South,191
2025-05-15,Electronics,East,97
2025-05-15,Clothing,East,190
2025-05-15,Home_Decor,East,189
2025-05-15,Perishables,East,251
2025-05-15,Industrial_Parts,East,187
2025-05-15,Electronics,West,138
2025-05-15,Clothing,West,117
2025-05-15,Home_Decor,West,117
2025-05-15,Perishables,West,218
2025-05-15,Industrial_Parts,West,139
2025-05-16,Electronics,North,222
2025-05-16,Clothing,North,237
2025-05-16,Home_Decor,North,237
2025-05-16,Perishables,North,222
2025-05-16,Industrial_Parts,North,172
2025-05-16,Electronics,South,252
2025-05-16,Clothing,South,160
2025-05-16,Home_Decor,South,230
2025-05-16,Perishables,South,249
2025-05-16,Industrial_Parts,South,262
2025-05-16,Electronics,East,56
2025-05-16,Clothing,East,201
2025-05-16,Home_Decor,East,160
2025-05-16,Perishables,East,243
2025-05-16,Industrial_Parts,East,73
2025-05-16,Electronics,West,159
2025-05-16,Clothing,West,222
2025-05-16,Home_Decor,West,189
2025-05-16,Perishables,West,83
2025-05-16,Industrial_Parts,West,220
2025-05-17,Electronics,North,112
2025-05-17,Clothing,North,133
2025-05-17,Home_Decor,North,195
2025-05-17,Perishables,North,260
2025-05-17,Industrial_Parts,North,126
2025-05-17,Electronics,South,119
2025-05-17,Clothing,South,153
2025-05-17,Home_Decor,South,159
2025-05-17,Perishables,South,82
2025-05-17,Industrial_Parts,South,62
2025-05-17,Electronics,East,182
2025-05-17,Clothing,East,165
2025-05-17,Home_Decor,East,130
2025-05-17,Perishables,East,239
2025-05-17,Industrial_Parts,East,174
2025-05-17,Electronics,West,97
2025-05-17,Clothing,West,118
2025-05-17,Home_Decor,West,243
2025-05-17,Perishables,West,174
2025-05-17,Industrial_Parts,West,190
2025-05-18,Electronics,North,113
2025-05-18,Clothing,North,191
2025-05-18,Home_Decor,North,152
2025-05-18,Perishables,North,92
2025-05-18,Industrial_Parts,North,122
2025-05-18,Electronics,South,169
2025-05-18,Clothing,South,219
2025-05-18,Home_Decor,South,108
2025-05-18,Perishables,South,244
2025-05-18,Industrial_Parts,South,167
2025-05-18,Electronics,East,198
2025-05-18,Clothing,East,184
2025-05-18,Home_Decor,East,102
2025-05-18,Perishables,East,89
2025-05-18,Industrial_Parts,East,212
2025-05-18,Electronics,West,219
2025-05-18,Clothing,West,139
2025-05-18,Home_Decor,West,105
2025-05-18,Perishables,West,201
2025-05-18,Industrial_Parts,West,164
2025-05-19,Electronics,North,96
2025-05-19,Clothing,North,246
2025-05-19,Home_Decor,North,220
2025-05-19,Perishables,North,132
2025-05-19,Industrial_Parts,North,124
2025-05-19,Electronics,South,199
2025-05-19,Clothing,South,224
2025-05-19,Home_Decor,South,206
2025-05-19,Perishables,South,97
2025-05-19,Industrial_Parts,South,130
2025-05-19,Electronics,East,229
2025-05-19,Clothing,East,190
2025-05-19,Home_Decor,East,242
2025-05-19,Perishables,East,238
2025-05-19,Industrial_Parts,East,108
2025-05-19,Electronics,West,215
2025-05-19,Clothing,West,198
2025-05-19,Home_Decor,West,206
2025-05-19,Perishables,West,161
2025-05-19,Industrial_Parts,West,78
2025-05-20,Electronics,North,131
2025-05-20,Clothing,North,151
2025-05-20,Home_Decor,North,116
2025-05-20,Perishables,North,207
2025-05-20,Industrial_Parts,North,195
2025-05-20,Electronics,South,97
2025-05-20,Clothing,South,178
2025-05-20,Home_Decor,South,164
2025-05-20,Perishables,South,219
2025-05-20,Industrial_Parts,South,178
2025-05-20,Electronics,East,146
2025-05-20,Clothing,East,242
2025-05-20,Home_Decor,East,132
2025-05-20,Perishables,East,228
2025-05-20,Industrial_Parts,East,203
2025-05-20,Electronics,West,96
2025-05-20,Clothing,West,225
2025-05-20,Home_Decor,West,155
2025-05-20,Perishables,West,98
2025-05-20,Industrial_Parts,West,239
2025-05-21,Electronics,North,80
2025-05-21,Clothing,North,67
2025-05-21,Home_Decor,North,126
2025-05-21,Perishables,North,248
2025-05-21,Industrial_Parts,North,100
2025-05-21,Electronics,South,188
2025-05-21,Clothing,South,230
2025-05-21,Home_Decor,South,121
2025-05-21,Perishables,South,92
2025-05-21,Industrial_Parts,South,100
2025-05-21,Electronics,East,145
2025-05-21,Clothing,East,186
2025-05-21,Home_Decor,East,197
2025-05-21,Perishables,East,92
2025-05-21,Industrial_Parts,East,189
2025-05-21,Electronics,West,107
2025-05-21,Clothing,West,214
2025-05-21,Home_Decor,West,170
2025-05-21,Perishables,West,229
2025-05-21,Industrial_Parts,West,145
2025-05-22,Electronics,North,156
2025-05-22,Clothing,North,75
2025-05-22,Home_Decor,North,182
2025-05-22,Perishables,North,95
2025-05-22,Industrial_Parts,North,219
2025-05-22,Electronics,South,153
2025-05-22,Clothing,South,137
2025-05-22,Home_Decor,South,230
2025-05-22,Perishables,South,216
2025-05-22,Industrial_Parts,South,206
2025-05-22,Electronics,East,143
2025-05-22,Clothing,East,153
2025-05-22,Home_Decor,East,148
2025-05-22,Perishables,East,183
2025-05-22,Industrial_Parts,East,71
2025-05-22,Electronics,West,256
2025-05-22,Clothing,West,132
2025-05-22,Home_Decor,West,132
2025-05-22,Perishables,West,138
2025-05-22,Industrial_Parts,West,225
2025-05-23,Electronics,North,155
2025-05-23,Clothing,North,147
2025-05-23,Home_Decor,North,214
2025-05-23,Perishables,North,229
2025-05-23,Industrial_Parts,North,188
2025-05-23,Electronics,South,152
2025-05-23,Clothing,South,154
2025-05-23,Home_Decor,South,184
2025-05-23,Perishables,South,243
2025-05-23,Industrial_Parts,South,183
2025-05-23,Electronics,East,244
2025-05-23,Clothing,East,132
2025-05-23,Home_Decor,East,213
2025-05-23,Perishables,East,174
2025-05-23,Industrial_Parts,East,148
2025-05-23,Electronics,West,242
2025-05-23,Clothing,West,133
2025-05-23,Home_Decor,West,140
2025-05-23,Perishables,West,82
2025-05-23,Industrial_Parts,West,86
2025-05-24,Electronics,North,184
2025-05-24,Clothing,North,252
2025-05-24,Home_Decor,North,94
2025-05-24,Perishables,North,131
2025-05-24,Industrial_Parts,North,183
2025-05-24,Electronics,South,212
2025-05-24,Clothing,South,141
2025-05-24,Home_Decor,South,141
2025-05-24,Perishables,South,122
2025-05-24,Industrial_Parts,South,161
2025-05-24,Electronics,East,116
2025-05-24,Clothing,East,220
2025-05-24,Home_Decor,East,253
2025-05-24,Perishables,East,196
2025-05-24,Industrial_Parts,East,248
2025-05-24,Electronics,West,213
2025-05-24,Clothing,West,172
2025-05-24,Home_Decor,West,70
2025-05-24,Perishables,West,237
2025-05-24,Industrial_Parts,West,125
2025-05-25,Electronics,North,167
2025-05-25,Clothing,North,79
2025-05-25,Home_Decor,North,198
2025-05-25,Perishables,North,120
2025-05-25,Industrial_Parts,North,69
2025-05-25,Electronics,South,82
2025-05-25,Clothing,South,203
2025-05-25,Home_Decor,South,202
2025-05-25,Perishables,South,114
2025-05-25,Industrial_Parts,South,81
2025-05-25,Electronics,East,131
2025-05-25,Clothing,East,184
2025-05-25,Home_Decor,East,165
2025-05-25,Perishables,East,79
2025-05-25,Industrial_Parts,East,89
2025-05-25,Electronics,West,221
2025-05-25,Clothing,West,166
2025-05-25,Home_Decor,West,136
2025-05-25,Perishables,West,68
2025-05-25,Industrial_Parts,West,146
2025-05-26,Electronics,North,170
2025-05-26,Clothing,North,63
2025-05-26,Home_Decor,North,107
2025-05-26,Perishables,North,60
2025-05-26,Industrial_Parts,North,166
2025-05-26,Electronics,South,188
2025-05-26,Clothing,South,161
2025-05-26,Home_Decor,South,151
2025-05-26,Perishables,South,228
2025-05-26,Industrial_Parts,South,173
2025-05-26,Electronics,East,237
2025-05-26,Clothing,East,251
2025-05-26,Home_Decor,East,130
2025-05-26,Perishables,East,224
2025-05-26,Industrial_Parts,East,92
2025-05-26,Electronics,West,204
2025-05-26,Clothing,West,179
2025-05-26,Home_Decor,West,75
2025-05-26,Perishables,West,135
2025-05-26,Industrial_Parts,West,257
2025-05-27,Electronics,North,93
2025-05-27,Clothing,North,58
2025-05-27,Home_Decor,North,270
2025-05-27,Perishables,North,123
2025-05-27,Industrial_Parts,North,127
2025-05-27,Electronics,South,186
2025-05-27,Clothing,South,105
2025-05-27,Home_Decor,South,124
2025-05-27,Perishables,South,188
2025-05-27,Industrial_Parts,South,112
2025-05-27,Electronics,East,188
2025-05-27,Clothing,East,85
2025-05-27,Home_Decor,East,221
2025-05-27,Perishables,East,198
2025-05-27,Industrial_Parts,East,192
2025-05-27,Electronics,West,109
2025-05-27,Clothing,West,102
2025-05-27,Home_Decor,West,201
2025-05-27,Perishables,West,107
2025-05-27,Industrial_Parts,West,107
2025-05-28,Electronics,North,78
2025-05-28,Clothing,North,99
2025-05-28,Home_Decor,North,198
2025-05-28,Perishables,North,205
2025-05-28,Industrial_Parts,North,226
2025-05-28,Electronics,South,87
2025-05-28,Clothing,South,89
2025-05-28,Home_Decor,South,240
2025-05-28,Perishables,South,254
2025-05-28,Industrial_Parts,South,79
2025-05-28,Electronics,East,160
2025-05-28,Clothing,East,232
2025-05-28,Home_Decor,East,239
2025-05-28,Perishables,East,61
2025-05-28,Industrial_Parts,East,222
2025-05-28,Electronics,West,66
2025-05-28,Clothing,West,213
2025-05-28,Home_Decor,West,182
2025-05-28,Perishables,West,217
2025-05-28,Industrial_Parts,West,197
2025-05-29,Electronics,North,81
2025-05-29,Clothing,North,114
2025-05-29,Home_Decor,North,124
2025-05-29,Perishables,North,174
2025-05-29,Industrial_Parts,North,57
2025-05-29,Electronics,South,129
2025-05-29,Clothing,South,174
2025-05-29,Home_Decor,South,156
2025-05-29,Perishables,South,124
2025-05-29,Industrial_Parts,South,121
2025-05-29,Electronics,East,258
2025-05-29,Clothing,East,193
2025-05-29,Home_Decor,East,236
2025-05-29,Perishables,East,133
2025-05-29,Industrial_Parts,East,149
2025-05-29,Electronics,West,147
2025-05-29,Clothing,West,269
2025-05-29,Home_Decor,West,166
2025-05-29,Perishables,West,148
2025-05-29,Industrial_Parts,West,171
2025-05-30,Electronics,North,89
2025-05-30,Clothing,North,181
2025-05-30,Home_Decor,North,262
2025-05-30,Perishables,North,202
2025-05-30,Industrial_Parts,North,129
2025-05-30,Electronics,South,179
2025-05-30,Clothing,South,219
2025-05-30,Home_Decor,South,195
2025-05-30,Perishables,South,207
2025-05-30,Industrial_Parts,South,185
2025-05-30,Electronics,East,253
2025-05-30,Clothing,East,80
2025-05-30,Home_Decor,East,168
2025-05-30,Perishables,East,163
2025-05-30,Industrial_Parts,East,91
2025-05-30,Electronics,West,106
2025-05-30,Clothing,West,167
2025-05-30,Home_Decor,West,129
2025-05-30,Perishables,West,177
2025-05-30,Industrial_Parts,West,123
2025-05-31,Electronics,North,155
2025-05-31,Clothing,North,170
2025-05-31,Home_Decor,North,187
2025-05-31,Perishables,North,102
2025-05-31,Industrial_Parts,North,170
2025-05-31,Electronics,South,77
2025-05-31,Clothing,South,139
2025-05-31,Home_Decor,South,74
2025-05-31,Perishables,South,133
2025-05-31,Industrial_Parts,South,236
2025-05-31,Electronics,East,243
2025-05-31,Clothing,East,229
2025-05-31,Home_Decor,East,208
2025-05-31,Perishables,East,135
2025-05-31,Industrial_Parts,East,241
2025-05-31,Electronics,West,77
2025-05-31,Clothing,West,209
2025-05-31,Home_Decor,West,231
2025-05-31,Perishables,West,219
2025-05-31,Industrial_Parts,West,201
2025-06-01,Electronics,North,197
2025-06-01,Clothing,North,111
2025-06-01,Home_Decor,North,165
2025-06-01,Perishables,North,196
2025-06-01,Industrial_Parts,North,169
2025-06-01,Electronics,South,147
2025-06-01,Clothing,South,174
2025-06-01,Home_Decor,South,104
2025-06-01,Perishables,South,95
2025-06-01,Industrial_Parts,South,193
2025-06-01,Electronics,East,97
2025-06-01,Clothing,East,210
2025-06-01,Home_Decor,East,163
2025-06-01,Perishables,East,138
2025-06-01,Industrial_Parts,East,217
2025-06-01,Electronics,West,129
2025-06-01,Clothing,West,247
2025-06-01,Home_Decor,West,239
2025-06-01,Perishables,West,174
2025-06-01,Industrial_Parts,West,75
2025-06-02,Electronics,North,134
2025-06-02,Clothing,North,193
2025-06-02,Home_Decor,North,64
2025-06-02,Perishables,North,187
2025-06-02,Industrial_Parts,North,96
2025-06-02,Electronics,South,112
2025-06-02,Clothing,South,124
2025-06-02,Home_Decor,South,156
2025-06-02,Perishables,South,183
2025-06-02,Industrial_Parts,South,92
2025-06-02,Electronics,East,215
2025-06-02,Clothing,East,67
2025-06-02,Home_Decor,East,166
2025-06-02,Perishables,East,241
2025-06-02,Industrial_Parts,East,187
2025-06-02,Electronics,West,167
2025-06-02,Clothing,West,258
2025-06-02,Home_Decor,West,106
2025-06-02,Perishables,West,81
2025-06-02,Industrial_Parts,West,135
2025-06-03,Electronics,North,196
2025-06-03,Clothing,North,246
2025-06-03,Home_Decor,North,179
2025-06-03,Perishables,North,173
2025-06-03,Industrial_Parts,North,79
2025-06-03,Electronics,South,250
2025-06-03,Clothing,South,243
2025-06-03,Home_Decor,South,183
2025-06-03,Perishables,South,169
2025-06-03,Industrial_Parts,South,218
2025-06-03,Electronics,East,112
2025-06-03,Clothing,East,150
2025-06-03,Home_Decor,East,106
2025-06-03,Perishables,East,82
2025-06-03,Industrial_Parts,East,141
2025-06-03,Electronics,West,153
2025-06-03,Clothing,West,170
2025-06-03,Home_Decor,West,204
2025-06-03,Perishables,West,246
2025-06-03,Industrial_Parts,West,152
2025-06-04,Electronics,North,152
2025-06-04,Clothing,North,87
2025-06-04,Home_Decor,North,139
2025-06-04,Perishables,North,137
2025-06-04,Industrial_Parts,North,159
2025-06-04,Electronics,South,244
2025-06-04,Clothing,South,198
2025-06-04,Home_Decor,South,219
2025-06-04,Perishables,South,60
2025-06-04,Industrial_Parts,South,107
2025-06-04,Electronics,East,91
2025-06-04,Clothing,East,148
2025-06-04,Home_Decor,East,181
2025-06-04,Perishables,East,233
2025-06-04,Industrial_Parts,East,167
2025-06-04,Electronics,West,107
2025-06-04,Clothing,West,239
2025-06-04,Home_Decor,West,190
2025-06-04,Perishables,West,67
2025-06-04,Industrial_Parts,West,93
2025-06-05,Electronics,North,226
2025-06-05,Clothing,North,247
2025-06-05,Home_Decor,North,156
2025-06-05,Perishables,North,111
2025-06-05,Industrial_Parts,North,98
2025-06-05,Electronics,South,212
2025-06-05,Clothing,South,232
2025-06-05,Home_Decor,South,80
2025-06-05,Perishables,South,248
2025-06-05,Industrial_Parts,South,212
2025-06-05,Electronics,East,69
2025-06-05,Clothing,East,200
2025-06-05,Home_Decor,East,196
2025-06-05,Perishables,East,178
2025-06-05,Industrial_Parts,East,165
2025-06-05,Electronics,West,180
2025-06-05,Clothing,West,197
2025-06-05,Home_Decor,West,117
2025-06-05,Perishables,West,115
2025-06-05,Industrial_Parts,West,159
2025-06-06,Electronics,North,112
2025-06-06,Clothing,North,200
2025-06-06,Home_Decor,North,218
2025-06-06,Perishables,North,207
2025-06-06,Industrial_Parts,North,50
2025-06-06,Electronics,South,62
2025-06-06,Clothing,South,212
2025-06-06,Home_Decor,South,196
2025-06-06,Perishables,South,150
2025-06-06,Industrial_Parts,South,253
2025-06-06,Electronics,East,218
2025-06-06,Clothing,East,74
2025-06-06,Home_Decor,East,202
2025-06-06,Perishables,East,256
2025-06-06,Industrial_Parts,East,182
2025-06-06,Electronics,West,214
2025-06-06,Clothing,West,191
2025-06-06,Home_Decor,West,180
2025-06-06,Perishables,West,108
2025-06-06,Industrial_Parts,West,134
2025-06-07,Electronics,North,173
2025-06-07,Clothing,North,135
2025-06-07,Home_Decor,North,93
2025-06-07,Perishables,North,123
2025-06-07,Industrial_Parts,North,174
2025-06-07,Electronics,South,216
2025-06-07,Clothing,South,88
2025-06-07,Home_Decor,South,211
2025-06-07,Perishables,South,154
2025-06-07,Industrial_Parts,South,69
2025-06-07,Electronics,East,97
2025-06-07,Clothing,East,195
2025-06-07,Home_Decor,East,151
2025-06-07,Perishables,East,196
2025-06-07,Industrial_Parts,East,120
2025-06-07,Electronics,West,250
2025-06-07,Clothing,West,129
2025-06-07,Home_Decor,West,112
2025-06-07,Perishables,West,145
2025-06-07,Industrial_Parts,West,237
2025-06-08,Electronics,North,106
2025-06-08,Clothing,North,252
2025-06-08,Home_Decor,North,177
2025-06-08,Perishables,North,164
2025-06-08,Industrial_Parts,North,231
2025-06-08,Electronics,South,78
2025-06-08,Clothing,South,89
2025-06-08,Home_Decor,South,185
2025-06-08,Perishables,South,178
2025-06-08,Industrial_Parts,South,95
2025-06-08,Electronics,East,136
2025-06-08,Clothing,East,190
2025-06-08,Home_Decor,East,164
2025-06-08,Perishables,East,177
2025-06-08,Industrial_Parts,East,237
2025-06-08,Electronics,West,198
2025-06-08,Clothing,West,121
2025-06-08,Home_Decor,West,134
2025-06-08,Perishables,West,60
2025-06-08,Industrial_Parts,West,221
2025-06-09,Electronics,North,244
2025-06-09,Clothing,North,183
2025-06-09,Home_Decor,North,154
2025-06-09,Perishables,North,211
2025-06-09,Industrial_Parts,North,92
2025-06-09,Electronics,South,196
2025-06-09,Clothing,South,144
2025-06-09,Home_Decor,South,201
2025-06-09,Perishables,South,231
2025-06-09,Industrial_Parts,South,95
2025-06-09,Electronics,East,193
2025-06-09,Clothing,East,175
2025-06-09,Home_Decor,East,144
2025-06-09,Perishables,East,85
2025-06-09,Industrial_Parts,East,187
2025-06-09,Electronics,West,85
2025-06-09,Clothing,West,230
2025-06-09,Home_Decor,West,141
2025-06-09,Perishables,West,71
2025-06-09,Industrial_Parts,West,117
2025-06-10,Electronics,North,145
2025-06-10,Clothing,North,76
2025-06-10,Home_Decor,North,129
2025-06-10,Perishables,North,244
2025-06-10,Industrial_Parts,North,122
2025-06-10,Electronics,South,138
2025-06-10,Clothing,South,98
2025-06-10,Home_Decor,South,205
2025-06-10,Perishables,South,123
2025-06-10,Industrial_Parts,South,170
2025-06-10,Electronics,East,152
2025-06-10,Clothing,East,114
2025-06-10,Home_Decor,East,192
2025-06-10,Perishables,East,126
2025-06-10,Industrial_Parts,East,154
2025-06-10,Electronics,West,94
2025-06-10,Clothing,West,116
2025-06-10,Home_Decor,West,167
2025-06-10,Perishables,West,174
2025-06-10,Industrial_Parts,West,206
2025-06-11,Electronics,North,153
2025-06-11,Clothing,North,59
2025-06-11,Home_Decor,North,96
2025-06-11,Perishables,North,58
2025-06-11,Industrial_Parts,North,134
2025-06-11,Electronics,South,66
2025-06-11,Clothing,South,153
2025-06-11,Home_Decor,South,109
2025-06-11,Perishables,South,191
2025-06-11,Industrial_Parts,South,145
2025-06-11,Electronics,East,107
2025-06-11,Clothing,East,72
2025-06-11,Home_Decor,East,227
2025-06-11,Perishables,East,246
2025-06-11,Industrial_Parts,East,164
2025-06-11,Electronics,West,173
2025-06-11,Clothing,West,83
2025-06-11,Home_Decor,West,242
2025-06-11,Perishables,West,147
2025-06-11,Industrial_Parts,West,157
2025-06-12,Electronics,North,112
2025-06-12,Clothing,North,102
2025-06-12,Home_Decor,North,198
2025-06-12,Perishables,North,218
2025-06-12,Industrial_Parts,North,184
2025-06-12,Electronics,South,160
2025-06-12,Clothing,South,85
2025-06-12,Home_Decor,South,83
2025-06-12,Perishables,South,245
2025-06-12,Industrial_Parts,South,130
2025-06-12,Electronics,East,61
2025-06-12,Clothing,East,218
2025-06-12,Home_Decor,East,220
2025-06-12,Perishables,East,106
2025-06-12,Industrial_Parts,East,245
2025-06-12,Electronics,West,237
2025-06-12,Clothing,West,184
2025-06-12,Home_Decor,West,116
2025-06-12,Perishables,West,208
2025-06-12,Industrial_Parts,West,187
2025-06-13,Electronics,North,89
2025-06-13,Clothing,North,218
2025-06-13,Home_Decor,North,135
2025-06-13,Perishables,North,140
2025-06-13,Industrial_Parts,North,169
2025-06-13,Electronics,South,133
2025-06-13,Clothing,South,161
2025-06-13,Home_Decor,South,230
2025-06-13,Perishables,South,166
2025-06-13,Industrial_Parts,South,199
2025-06-13,Electronics,East,172
2025-06-13,Clothing,East,66
2025-06-13,Home_Decor,East,224
2025-06-13,Perishables,East,219
2025-06-13,Industrial_Parts,East,225
2025-06-13,Electronics,West,103
2025-06-13,Clothing,West,130
2025-06-13,Home_Decor,West,196
2025-06-13,Perishables,West,89
2025-06-13,Industrial_Parts,West,112
2025-06-14,Electronics,North,161
2025-06-14,Clothing,North,144
2025-06-14,Home_Decor,North,188
2025-06-14,Perishables,North,183
2025-06-14,Industrial_Parts,North,121
2025-06-14,Electronics,South,125
2025-06-14,Clothing,South,187
2025-06-14,Home_Decor,South,69
2025-06-14,Perishables,South,199
2025-06-14,Industrial_Parts,South,73
2025-06-14,Electronics,East,78
2025-06-14,Clothing,East,220
2025-06-14,Home_Decor,East,134
2025-06-14,Perishables,East,171
2025-06-14,Industrial_Parts,East,238
2025-06-14,Electronics,West,81
2025-06-14,Clothing,West,84
2025-06-14,Home_Decor,West,133
2025-06-14,Perishables,West,165
2025-06-14,Industrial_Parts,West,167
2025-06-15,Electronics,North,203
2025-06-15,Clothing,North,37
2025-06-15,Home_Decor,North,159
2025-06-15,Perishables,North,65
2025-06-15,Industrial_Parts,North,155
2025-06-15,Electronics,South,79
2025-06-15,Clothing,South,180
2025-06-15,Home_Decor,South,233
2025-06-15,Perishables,South,100
2025-06-15,Industrial_Parts,South,112
2025-06-15,Electronics,East,93
2025-06-15,Clothing,East,125
2025-06-15,Home_Decor,East,219
2025-06-15,Perishables,East,138
2025-06-15,Industrial_Parts,East,96
2025-06-15,Electronics,West,68
2025-06-15,Clothing,West,167
2025-06-15,Home_Decor,West,105
2025-06-15,Perishables,West,240
2025-06-15,Industrial_Parts,West,230
2025-06-16,Electronics,North,146
2025-06-16,Clothing,North,173
2025-06-16,Home_Decor,North,210
2025-06-16,Perishables,North,192
2025-06-16,Industrial_Parts,North,160
2025-06-16,Electronics,South,95
2025-06-16,Clothing,South,190
2025-06-16,Home_Decor,South,79
2025-06-16,Perishables,South,199
2025-06-16,Industrial_Parts,South,111
2025-06-16,Electronics,East,186
2025-06-16,Clothing,East,165
2025-06-16,Home_Decor,East,154
2025-06-16,Perishables,East,207
2025-06-16,Industrial_Parts,East,250
2025-06-16,Electronics,West,145
2025-06-16,Clothing,West,80
2025-06-16,Home_Decor,West,217
2025-06-16,Perishables,West,193
2025-06-16,Industrial_Parts,West,199
2025-06-17,Electronics,North,167
2025-06-17,Clothing,North,165
2025-06-17,Home_Decor,North,201
2025-06-17,Perishables,North,161
2025-06-17,Industrial_Parts,North,103
2025-06-17,Electronics,South,106
2025-06-17,Clothing,South,122
2025-06-17,Home_Decor,South,68
2025-06-17,Perishables,South,166
2025-06-17,Industrial_Parts,South,140
2025-06-17,Electronics,East,89
2025-06-17,Clothing,East,131
2025-06-17,Home_Decor,East,105
2025-06-17,Perishables,East,197
2025-06-17,Industrial_Parts,East,213
2025-06-17,Electronics,West,232
2025-06-17,Clothing,West,148
2025-06-17,Home_Decor,West,237
2025-06-17,Perishables,West,200
2025-06-17,Industrial_Parts,West,131
2025-06-18,Electronics,North,70
2025-06-18,Clothing,North,225
2025-06-18,Home_Decor,North,180
2025-06-18,Perishables,North,83
2025-06-18,Industrial_Parts,North,210
2025-06-18,Electronics,South,159
2025-06-18,Clothing,South,169
2025-06-18,Home_Decor,South,237
2025-06-18,Perishables,South,105
2025-06-18,Industrial_Parts,South,220
2025-06-18,Electronics,East,225
2025-06-18,Clothing,East,90
2025-06-18,Home_Decor,East,85
2025-06-18,Perishables,East,77
2025-06-18,Industrial_Parts,East,150
2025-06-18,Electronics,West,93
2025-06-18,Clothing,West,243
2025-06-18,Home_Decor,West,239
2025-06-18,Perishables,West,155
2025-06-18,Industrial_Parts,West,234
2025-06-19,Electronics,North,241
2025-06-19,Clothing,North,77
2025-06-19,Home_Decor,North,207
2025-06-19,Perishables,North,61
2025-06-19,Industrial_Parts,North,109
2025-06-19,Electronics,South,188
2025-06-19,Clothing,South,97
2025-06-19,Home_Decor,South,239
2025-06-19,Perishables,South,170
2025-06-19,Industrial_Parts,South,88
2025-06-19,Electronics,East,200
2025-06-19,Clothing,East,90
2025-06-19,Home_Decor,East,85
2025-06-19,Perishables,East,228
2025-06-19,Industrial_Parts,East,126
2025-06-19,Electronics,West,142
2025-06-19,Clothing,West,93
2025-06-19,Home_Decor,West,180
2025-06-19,Perishables,West,170
2025-06-19,Industrial_Parts,West,132
2025-06-20,Electronics,North,110
2025-06-20,Clothing,North,85
2025-06-20,Home_Decor,North,67
2025-06-20,Perishables,North,240
2025-06-20,Industrial_Parts,North,150
2025-06-20,Electronics,South,135
2025-06-20,Clothing,South,83
2025-06-20,Home_Decor,South,154
2025-06-20,Perishables,South,122
2025-06-20,Industrial_Parts,South,123
2025-06-20,Electronics,East,86
2025-06-20,Clothing,East,84
2025-06-20,Home_Decor,East,201
2025-06-20,Perishables,East,245
2025-06-20,Industrial_Parts,East,133
2025-06-20,Electronics,West,201
2025-06-20,Clothing,West,116
2025-06-20,Home_Decor,West,85
2025-06-20,Perishables,West,79
2025-06-20,Industrial_Parts,West,105
2025-06-21,Electronics,North,118
2025-06-21,Clothing,North,221
2025-06-21,Home_Decor,North,52
2025-06-21,Perishables,North,130
2025-06-21,Industrial_Parts,North,85
2025-06-21,Electronics,South,105
2025-06-21,Clothing,South,75
2025-06-21,Home_Decor,South,177
2025-06-21,Perishables,South,121
2025-06-21,Industrial_Parts,South,209
2025-06-21,Electronics,East,130
2025-06-21,Clothing,East,124
2025-06-21,Home_Decor,East,235
2025-06-21,Perishables,East,111
2025-06-21,Industrial_Parts,East,228
2025-06-21,Electronics,West,143
2025-06-21,Clothing,West,80
2025-06-21,Home_Decor,West,136
2025-06-21,Perishables,West,222
2025-06-21,Industrial_Parts,West,182
2025-06-22,Electronics,North,48
2025-06-22,Clothing,North,137
2025-06-22,Home_Decor,North,202
2025-06-22,Perishables,North,116
2025-06-22,Industrial_Parts,North,209
2025-06-22,Electronics,South,148
2025-06-22,Clothing,South,165
2025-06-22,Home_Decor,South,130
2025-06-22,Perishables,South,162
2025-06-22,Industrial_Parts,South,79
2025-06-22,Electronics,East,41
2025-06-22,Clothing,East,241
2025-06-22,Home_Decor,East,202
2025-06-22,Perishables,East,170
2025-06-22,Industrial_Parts,East,106
2025-06-22,Electronics,West,111
2025-06-22,Clothing,West,82
2025-06-22,Home_Decor,West,70
2025-06-22,Perishables,West,165
2025-06-22,Industrial_Parts,West,127
2025-06-23,Electronics,North,187
2025-06-23,Clothing,North,189
2025-06-23,Home_Decor,North,118
2025-06-23,Perishables,North,241
2025-06-23,Industrial_Parts,North,87
2025-06-23,Electronics,South,121
2025-06-23,Clothing,South,155
2025-06-23,Home_Decor,South,207
2025-06-23,Perishables,South,109
2025-06-23,Industrial_Parts,South,94
2025-06-23,Electronics,East,184
2025-06-23,Clothing,East,129
2025-06-23,Home_Decor,East,198
2025-06-23,Perishables,East,154
2025-06-23,Industrial_Parts,East,141
2025-06-23,Electronics,West,126
2025-06-23,Clothing,West,64
2025-06-23,Home_Decor,West,99
2025-06-23,Perishables,West,164
2025-06-23,Industrial_Parts,West,78
2025-06-24,Electronics,North,211
2025-06-24,Clothing,North,245
2025-06-24,Home_Decor,North,195
2025-06-24,Perishables,North,131
2025-06-24,Industrial_Parts,North,189
2025-06-24,Electronics,South,162
2025-06-24,Clothing,South,157
2025-06-24,Home_Decor,South,132
2025-06-24,Perishables,South,92
2025-06-24,Industrial_Parts,South,232
2025-06-24,Electronics,East,168
2025-06-24,Clothing,East,213
2025-06-24,Home_Decor,East,154
2025-06-24,Perishables,East,195
2025-06-24,Industrial_Parts,East,156
2025-06-24,Electronics,West,168
2025-06-24,Clothing,West,138
2025-06-24,Home_Decor,West,139
2025-06-24,Perishables,West,134
2025-06-24,Industrial_Parts,West,98
2025-06-25,Electronics,North,125
2025-06-25,Clothing,North,84
2025-06-25,Home_Decor,North,160
2025-06-25,Perishables,North,174
2025-06-25,Industrial_Parts,North,198
2025-06-25,Electronics,South,152
2025-06-25,Clothing,South,220
2025-06-25,Home_Decor,South,200
2025-06-25,Perishables,South,75
2025-06-25,Industrial_Parts,South,138
2025-06-25,Electronics,East,146
2025-06-25,Clothing,East,164
2025-06-25,Home_Decor,East,87
2025-06-25,Perishables,East,111
2025-06-25,Industrial_Parts,East,76
2025-06-25,Electronics,West,76
2025-06-25,Clothing,West,92
2025-06-25,Home_Decor,West,169
2025-06-25,Perishables,West,187
2025-06-25,Industrial_Parts,West,148
2025-06-26,Electronics,North,219
2025-06-26,Clothing,North,179
2025-06-26,Home_Decor,North,154
2025-06-26,Perishables,North,216
2025-06-26,Industrial_Parts,North,93
2025-06-26,Electronics,South,97
2025-06-26,Clothing,South,191
2025-06-26,Home_Decor,South,235
2025-06-26,Perishables,South,182
2025-06-26,Industrial_Parts,South,73
2025-06-26,Electronics,East,164
2025-06-26,Clothing,East,115
2025-06-26,Home_Decor,East,101
2025-06-26,Perishables,East,114
2025-06-26,Industrial_Parts,East,186
2025-06-26,Electronics,West,120
2025-06-26,Clothing,West,191
2025-06-26,Home_Decor,West,122
2025-06-26,Perishables,West,161
2025-06-26,Industrial_Parts,West,64
2025-06-27,Electronics,North,170
2025-06-27,Clothing,North,131
2025-06-27,Home_Decor,North,119
2025-06-27,Perishables,North,206
2025-06-27,Industrial_Parts,North,59
2025-06-27,Electronics,South,243
2025-06-27,Clothing,South,157
2025-06-27,Home_Decor,South,145
2025-06-27,Perishables,South,166
2025-06-27,Industrial_Parts,South,213
2025-06-27,Electronics,East,69
2025-06-27,Clothing,East,103
2025-06-27,Home_Decor,East,127
2025-06-27,Perishables,East,144
2025-06-27,Industrial_Parts,East,99
2025-06-27,Electronics,West,160
2025-06-27,Clothing,West,109
2025-06-27,Home_Decor,West,73
2025-06-27,Perishables,West,213
2025-06-27,Industrial_Parts,West,129
2025-06-28,Electronics,North,102
2025-06-28,Clothing,North,223
2025-06-28,Home_Decor,North,211
2025-06-28,Perishables,North,152
2025-06-28,Industrial_Parts,North,229
2025-06-28,Electronics,South,165
2025-06-28,Clothing,South,78
2025-06-28,Home_Decor,South,201
2025-06-28,Perishables,South,129
2025-06-28,Industrial_Parts,South,118
2025-06-28,Electronics,East,201
2025-06-28,Clothing,East,82
2025-06-28,Home_Decor,East,110
2025-06-28,Perishables,East,231
2025-06-28,Industrial_Parts,East,203
2025-06-28,Electronics,West,111
2025-06-28,Clothing,West,105
2025-06-28,Home_Decor,West,210
2025-06-28,Perishables,West,82
2025-06-28,Industrial_Parts,West,231
2025-06-29,Electronics,North,71
2025-06-29,Clothing,North,183
2025-06-29,Home_Decor,North,96
2025-06-29,Perishables,North,180
2025-06-29,Industrial_Parts,North,70
2025-06-29,Electronics,South,193
2025-06-29,Clothing,South,209
2025-06-29,Home_Decor,South,134
2025-06-29,Perishables,South,195
2025-06-29,Industrial_Parts,South,71
2025-06-29,Electronics,East,197
2025-06-29,Clothing,East,56
2025-06-29,Home_Decor,East,232
2025-06-29,Perishables,East,225
2025-06-29,Industrial_Parts,East,196
2025-06-29,Electronics,West,100
2025-06-29,Clothing,West,209
2025-06-29,Home_Decor,West,78
2025-06-29,Perishables,West,132
2025-06-29,Industrial_Parts,West,149
2025-06-30,Electronics,North,194
2025-06-30,Clothing,North,99
2025-06-30,Home_Decor,North,92
2025-06-30,Perishables,North,145
2025-06-30,Industrial_Parts,North,186
2025-06-30,Electronics,South,143
2025-06-30,Clothing,South,100
2025-06-30,Home_Decor,South,136
2025-06-30,Perishables,South,186
2025-06-30,Industrial_Parts,South,99
2025-06-30,Electronics,East,98
2025-06-30,Clothing,East,180
2025-06-30,Home_Decor,East,177
2025-06-30,Perishables,East,193
2025-06-30,Industrial_Parts,East,120
2025-06-30,Electronics,West,198
2025-06-30,Clothing,West,147
2025-06-30,Home_Decor,West,176
2025-06-30,Perishables,West,240
2025-06-30,Industrial_Parts,West,55
2025-07-01,Electronics,North,117
2025-07-01,Clothing,North,204
2025-07-01,Home_Decor,North,156
2025-07-01,Perishables,North,74
2025-07-01,Industrial_Parts,North,171
2025-07-01,Electronics,South,176
2025-07-01,Clothing,South,173
2025-07-01,Home_Decor,South,184
2025-07-01,Perishables,South,159
2025-07-01,Industrial_Parts,South,203
2025-07-01,Electronics,East,96
2025-07-01,Clothing,East,118
2025-07-01,Home_Decor,East,85
2025-07-01,Perishables,East,111
2025-07-01,Industrial_Parts,East,72
2025-07-01,Electronics,West,72
2025-07-01,Clothing,West,73
2025-07-01,Home_Decor,West,217
2025-07-01,Perishables,West,167
2025-07-01,Industrial_Parts,West,214
2025-07-02,Electronics,North,147
2025-07-02,Clothing,North,102
2025-07-02,Home_Decor,North,167
2025-07-02,Perishables,North,165
2025-07-02,Industrial_Parts,North,211
2025-07-02,Electronics,South,125
2025-07-02,Clothing,South,158
2025-07-02,Home_Decor,South,171
2025-07-02,Perishables,South,108
2025-07-02,Industrial_Parts,South,76
2025-07-02,Electronics,East,189
2025-07-02,Clothing,East,192
2025-07-02,Home_Decor,East,150
2025-07-02,Perishables,East,106
2025-07-02,Industrial_Parts,East,78
2025-07-02,Electronics,West,137
2025-07-02,Clothing,West,218
2025-07-02,Home_Decor,West,161
2025-07-02,Perishables,West,167
2025-07-02,Industrial_Parts,West,99
2025-07-03,Electronics,North,121
2025-07-03,Clothing,North,95
2025-07-03,Home_Decor,North,98
2025-07-03,Perishables,North,184
2025-07-03,Industrial_Parts,North,151
2025-07-03,Electronics,South,128
2025-07-03,Clothing,South,59
2025-07-03,Home_Decor,South,64
2025-07-03,Perishables,South,138
2025-07-03,Industrial_Parts,South,172
2025-07-03,Electronics,East,158
2025-07-03,Clothing,East,183
2025-07-03,Home_Decor,East,154
2025-07-03,Perishables,East,80
2025-07-03,Industrial_Parts,East,146
2025-07-03,Electronics,West,80
2025-07-03,Clothing,West,210
2025-07-03,Home_Decor,West,104
2025-07-03,Perishables,West,121
2025-07-03,Industrial_Parts,West,221
2025-07-04,Electronics,North,77
2025-07-04,Clothing,North,155
2025-07-04,Home_Decor,North,188
2025-07-04,Perishables,North,147
2025-07-04,Industrial_Parts,North,108
2025-07-04,Electronics,South,161
2025-07-04,Clothing,South,194
2025-07-04,Home_Decor,South,195
2025-07-04,Perishables,South,54
2025-07-04,Industrial_Parts,South,102
2025-07-04,Electronics,East,65
2025-07-04,Clothing,East,229
2025-07-04,Home_Decor,East,140
2025-07-04,Perishables,East,182
2025-07-04,Industrial_Parts,East,228
2025-07-04,Electronics,West,181
2025-07-04,Clothing,West,210
2025-07-04,Home_Decor,West,196
2025-07-04,Perishables,West,146
2025-07-04,Industrial_Parts,West,116
2025-07-05,Electronics,North,153
2025-07-05,Clothing,North,103
2025-07-05,Home_Decor,North,157
2025-07-05,Perishables,North,150
2025-07-05,Industrial_Parts,North,171
2025-07-05,Electronics,South,213
2025-07-05,Clothing,South,58
2025-07-05,Home_Decor,South,141
2025-07-05,Perishables,South,81
2025-07-05,Industrial_Parts,South,136
2025-07-05,Electronics,East,134
2025-07-05,Clothing,East,165
2025-07-05,Home_Decor,East,80
2025-07-05,Perishables,East,171
2025-07-05,Industrial_Parts,East,141
2025-07-05,Electronics,West,217
2025-07-05,Clothing,West,159
2025-07-05,Home_Decor,West,85
2025-07-05,Perishables,West,205
2025-07-05,Industrial_Parts,West,142
2025-07-06,Electronics,North,180
2025-07-06,Clothing,North,185
2025-07-06,Home_Decor,North,133
2025-07-06,Perishables,North,62
2025-07-06,Industrial_Parts,North,201
2025-07-06,Electronics,South,149
2025-07-06,Clothing,South,132
2025-07-06,Home_Decor,South,68
2025-07-06,Perishables,South,179
2025-07-06,Industrial_Parts,South,125
2025-07-06,Electronics,East,145
2025-07-06,Clothing,East,105
2025-07-06,Home_Decor,East,195
2025-07-06,Perishables,East,175
2025-07-06,Industrial_Parts,East,41
2025-07-06,Electronics,West,148
2025-07-06,Clothing,West,210
2025-07-06,Home_Decor,West,203
2025-07-06,Perishables,West,151
2025-07-06,Industrial_Parts,West,79
2025-07-07,Electronics,North,133
2025-07-07,Clothing,North,131
2025-07-07,Home_Decor,North,210
2025-07-07,Perishables,North,142
2025-07-07,Industrial_Parts,North,188
2025-07-07,Electronics,South,87
2025-07-07,Clothing,South,201
2025-07-07,Home_Decor,South,162
2025-07-07,Perishables,South,114
2025-07-07,Industrial_Parts,South,148
2025-07-07,Electronics,East,115
2025-07-07,Clothing,East,168
2025-07-07,Home_Decor,East,144
2025-07-07,Perishables,East,191
2025-07-07,Industrial_Parts,East,163
2025-07-07,Electronics,West,64
2025-07-07,Clothing,West,183
2025-07-07,Home_Decor,West,133
2025-07-07,Perishables,West,194
2025-07-07,Industrial_Parts,West,135
2025-07-08,Electronics,North,119
2025-07-08,Clothing,North,97
2025-07-08,Home_Decor,North,206
2025-07-08,Perishables,North,221
2025-07-08,Industrial_Parts,North,127
2025-07-08,Electronics,South,176
2025-07-08,Clothing,South,96
2025-07-08,Home_Decor,South,187
2025-07-08,Perishables,South,179
2025-07-08,Industrial_Parts,South,155
2025-07-08,Electronics,East,90
2025-07-08,Clothing,East,149
2025-07-08,Home_Decor,East,211
2025-07-08,Perishables,East,209
2025-07-08,Industrial_Parts,East,143
2025-07-08,Electronics,West,154
2025-07-08,Clothing,West,116
2025-07-08,Home_Decor,West,197
2025-07-08,Perishables,West,148
2025-07-08,Industrial_Parts,West,77
2025-07-09,Electronics,North,124
2025-07-09,Clothing,North,182
2025-07-09,Home_Decor,North,111
2025-07-09,Perishables,North,132
2025-07-09,Industrial_Parts,North,200
2025-07-09,Electronics,South,205
2025-07-09,Clothing,South,145
2025-07-09,Home_Decor,South,164
2025-07-09,Perishables,South,185
2025-07-09,Industrial_Parts,South,229
2025-07-09,Electronics,East,123
2025-07-09,Clothing,East,167
2025-07-09,Home_Decor,East,152
2025-07-09,Perishables,East,178
2025-07-09,Industrial_Parts,East,47
2025-07-09,Electronics,West,149
2025-07-09,Clothing,West,72
2025-07-09,Home_Decor,West,91
2025-07-09,Perishables,West,149
2025-07-09,Industrial_Parts,West,79
2025-07-10,Electronics,North,91
2025-07-10,Clothing,North,102
2025-07-10,Home_Decor,North,183
2025-07-10,Perishables,North,76
2025-07-10,Industrial_Parts,North,138
2025-07-10,Electronics,South,204
2025-07-10,Clothing,South,186
2025-07-10,Home_Decor,South,145
2025-07-10,Perishables,South,106
2025-07-10,Industrial_Parts,South,212
2025-07-10,Electronics,East,223
2025-07-10,Clothing,East,172
2025-07-10,Home_Decor,East,69
2025-07-10,Perishables,East,159
2025-07-10,Industrial_Parts,East,174
2025-07-10,Electronics,West,89
2025-07-10,Clothing,West,136
2025-07-10,Home_Decor,West,147
2025-07-10,Perishables,West,158
2025-07-10,Industrial_Parts,West,66
2025-07-11,Electronics,North,154
2025-07-11,Clothing,North,217
2025-07-11,Home_Decor,North,157
2025-07-11,Perishables,North,209
2025-07-11,Industrial_Parts,North,162
2025-07-11,Electronics,South,201
2025-07-11,Clothing,South,125
2025-07-11,Home_Decor,South,82
2025-07-11,Perishables,South,110
2025-07-11,Industrial_Parts,South,59
2025-07-11,Electronics,East,137
2025-07-11,Clothing,East,134
2025-07-11,Home_Decor,East,61
2025-07-11,Perishables,East,177
2025-07-11,Industrial_Parts,East,145
2025-07-11,Electronics,West,95
2025-07-11,Clothing,West,163
2025-07-11,Home_Decor,West,54
2025-07-11,Perishables,West,120
2025-07-11,Industrial_Parts,West,174
2025-07-12,Electronics,North,163
2025-07-12,Clothing,North,146
2025-07-12,Home_Decor,North,65
2025-07-12,Perishables,North,134
2025-07-12,Industrial_Parts,North,146
2025-07-12,Electronics,South,171
2025-07-12,Clothing,South,149
2025-07-12,Home_Decor,South,163
2025-07-12,Perishables,South,127
2025-07-12,Industrial_Parts,South,209
2025-07-12,Electronics,East,63
2025-07-12,Clothing,East,205
2025-07-12,Home_Decor,East,137
2025-07-12,Perishables,East,71
2025-07-12,Industrial_Parts,East,104
2025-07-12,Electronics,West,116
2025-07-12,Clothing,West,57
2025-07-12,Home_Decor,West,142
2025-07-12,Perishables,West,71
2025-07-12,Industrial_Parts,West,90
2025-07-13,Electronics,North,143
2025-07-13,Clothing,North,213
2025-07-13,Home_Decor,North,103
2025-07-13,Perishables,North,83
2025-07-13,Industrial_Parts,North,204
2025-07-13,Electronics,South,180
2025-07-13,Clothing,South,71
2025-07-13,Home_Decor,South,184
2025-07-13,Perishables,South,144
2025-07-13,Industrial_Parts,South,158
2025-07-13,Electronics,East,124
2025-07-13,Clothing,East,147
2025-07-13,Home_Decor,East,168
2025-07-13,Perishables,East,53
2025-07-13,Industrial_Parts,East,103
2025-07-13,Electronics,West,143
2025-07-13,Clothing,West,147
2025-07-13,Home_Decor,West,224
2025-07-13,Perishables,West,198
2025-07-13,Industrial_Parts,West,210
2025-07-14,Electronics,North,94
2025-07-14,Clothing,North,224
2025-07-14,Home_Decor,North,95
2025-07-14,Perishables,North,103
2025-07-14,Industrial_Parts,North,144
2025-07-14,Electronics,South,218
2025-07-14,Clothing,South,149
2025-07-14,Home_Decor,South,184
2025-07-14,Perishables,South,61
2025-07-14,Industrial_Parts,South,184
2025-07-14,Electronics,East,54
2025-07-14,Clothing,East,64
2025-07-14,Home_Decor,East,162
2025-07-14,Perishables,East,174
2025-07-14,Industrial_Parts,East,145
2025-07-14,Electronics,West,116
2025-07-14,Clothing,West,147
2025-07-14,Home_Decor,West,141
2025-07-14,Perishables,West,128
2025-07-14,Industrial_Parts,West,95
2025-07-15,Electronics,North,181
2025-07-15,Clothing,North,108
2025-07-15,Home_Decor,North,119
2025-07-15,Perishables,North,98
2025-07-15,Industrial_Parts,North,87
2025-07-15,Electronics,South,217
2025-07-15,Clothing,South,182
2025-07-15,Home_Decor,South,178
2025-07-15,Perishables,South,70
2025-07-15,Industrial_Parts,South,134
2025-07-15,Electronics,East,141
2025-07-15,Clothing,East,183
2025-07-15,Home_Decor,East,53
2025-07-15,Perishables,East,115
2025-07-15,Industrial_Parts,East,65
2025-07-15,Electronics,West,139
2025-07-15,Clothing,West,73
2025-07-15,Home_Decor,West,164
2025-07-15,Perishables,West,85
2025-07-15,Industrial_Parts,West,203
2025-07-16,Electronics,North,153
2025-07-16,Clothing,North,47
2025-07-16,Home_Decor,North,67
2025-07-16,Perishables,North,194
2025-07-16,Industrial_Parts,North,203
2025-07-16,Electronics,South,81
2025-07-16,Clothing,South,108
2025-07-16,Home_Decor,South,44
2025-07-16,Perishables,South,156
2025-07-16,Industrial_Parts,South,211
2025-07-16,Electronics,East,128
2025-07-16,Clothing,East,145
2025-07-16,Home_Decor,East,113
2025-07-16,Perishables,East,152
2025-07-16,Industrial_Parts,East,123
2025-07-16,Electronics,West,185
2025-07-16,Clothing,West,167
2025-07-16,Home_Decor,West,87
2025-07-16,Perishables,West,138
2025-07-16,Industrial_Parts,West,110
2025-07-17,Electronics,North,67
2025-07-17,Clothing,North,176
2025-07-17,Home_Decor,North,94
2025-07-17,Perishables,North,182
2025-07-17,Industrial_Parts,North,145
2025-07-17,Electronics,South,117
2025-07-17,Clothing,South,195
2025-07-17,Home_Decor,South,117
2025-07-17,Perishables,South,165
2025-07-17,Industrial_Parts,South,154
2025-07-17,Electronics,East,109
2025-07-17,Clothing,East,125
2025-07-17,Home_Decor,East,104
2025-07-17,Perishables,East,161
2025-07-17,Industrial_Parts,East,174
2025-07-17,Electronics,West,56
2025-07-17,Clothing,West,166
2025-07-17,Home_Decor,West,140
2025-07-17,Perishables,West,207
2025-07-17,Industrial_Parts,West,66
2025-07-18,Electronics,North,189
2025-07-18,Clothing,North,75
2025-07-18,Home_Decor,North,114
2025-07-18,Perishables,North,214
2025-07-18,Industrial_Parts,North,170
2025-07-18,Electronics,South,59
2025-07-18,Clothing,South,116
2025-07-18,Home_Decor,South,137
2025-07-18,Perishables,South,179
2025-07-18,Industrial_Parts,South,195
2025-07-18,Electronics,East,125
2025-07-18,Clothing,East,180
2025-07-18,Home_Decor,East,138
2025-07-18,Perishables,East,127
2025-07-18,Industrial_Parts,East,120
2025-07-18,Electronics,West,143
2025-07-18,Clothing,West,190
2025-07-18,Home_Decor,West,206
2025-07-18,Perishables,West,171
2025-07-18,Industrial_Parts,West,110
2025-07-19,Electronics,North,178
2025-07-19,Clothing,North,114
2025-07-19,Home_Decor,North,50
2025-07-19,Perishables,North,100
2025-07-19,Industrial_Parts,North,117
2025-07-19,Electronics,South,80
2025-07-19,Clothing,South,156
2025-07-19,Home_Decor,South,85
2025-07-19,Perishables,South,189
2025-07-19,Industrial_Parts,South,62
2025-07-19,Electronics,East,180
2025-07-19,Clothing,East,65
2025-07-19,Home_Decor,East,167
2025-07-19,Perishables,East,127
2025-07-19,Industrial_Parts,East,122
2025-07-19,Electronics,West,128
2025-07-19,Clothing,West,92
2025-07-19,Home_Decor,West,37
2025-07-19,Perishables,West,67
2025-07-19,Industrial_Parts,West,150
2025-07-20,Electronics,North,47
2025-07-20,Clothing,North,97
2025-07-20,Home_Decor,North,185
2025-07-20,Perishables,North,89
2025-07-20,Industrial_Parts,North,169
2025-07-20,Electronics,South,148
2025-07-20,Clothing,South,73
2025-07-20,Home_Decor,South,82
2025-07-20,Perishables,South,92
2025-07-20,Industrial_Parts,South,70
2025-07-20,Electronics,East,48
2025-07-20,Clothing,East,36
2025-07-20,Home_Decor,East,96
2025-07-20,Perishables,East,186
2025-07-20,Industrial_Parts,East,192
2025-07-20,Electronics,West,125
2025-07-20,Clothing,West,73
2025-07-20,Home_Decor,West,73
2025-07-20,Perishables,West,86
2025-07-20,Industrial_Parts,West,211
2025-07-21,Electronics,North,145
2025-07-21,Clothing,North,100
2025-07-21,Home_Decor,North,49
2025-07-21,Perishables,North,158
2025-07-21,Industrial_Parts,North,196
2025-07-21,Electronics,South,91
2025-07-21,Clothing,South,136
2025-07-21,Home_Decor,South,105
2025-07-21,Perishables,South,192
2025-07-21,Industrial_Parts,South,162
2025-07-21,Electronics,East,167
2025-07-21,Clothing,East,136
2025-07-21,Home_Decor,East,203
2025-07-21,Perishables,East,78
2025-07-21,Industrial_Parts,East,196
2025-07-21,Electronics,West,53
2025-07-21,Clothing,West,97
2025-07-21,Home_Decor,West,206
2025-07-21,Perishables,West,157
2025-07-21,Industrial_Parts,West,210
2025-07-22,Electronics,North,109
2025-07-22,Clothing,North,94
2025-07-22,Home_Decor,North,161
2025-07-22,Perishables,North,157
2025-07-22,Industrial_Parts,North,67
2025-07-22,Electronics,South,63
2025-07-22,Clothing,South,166
2025-07-22,Home_Decor,South,201
2025-07-22,Perishables,South,112
2025-07-22,Industrial_Parts,South,144
2025-07-22,Electronics,East,188
2025-07-22,Clothing,East,210
2025-07-22,Home_Decor,East,130
2025-07-22,Perishables,East,108
2025-07-22,Industrial_Parts,East,64
2025-07-22,Electronics,West,108
2025-07-22,Clothing,West,142
2025-07-22,Home_Decor,West,170
2025-07-22,Perishables,West,212
2025-07-22,Industrial_Parts,West,124
2025-07-23,Electronics,North,65
2025-07-23,Clothing,North,177
2025-07-23,Home_Decor,North,117
2025-07-23,Perishables,North,145
2025-07-23,Industrial_Parts,North,81
2025-07-23,Electronics,South,172
2025-07-23,Clothing,South,141
2025-07-23,Home_Decor,South,75
2025-07-23,Perishables,South,128
2025-07-23,Industrial_Parts,South,174
2025-07-23,Electronics,East,96
2025-07-23,Clothing,East,128
2025-07-23,Home_Decor,East,86
2025-07-23,Perishables,East,116
2025-07-23,Industrial_Parts,East,182
2025-07-23,Electronics,West,96
2025-07-23,Clothing,West,141
2025-07-23,Home_Decor,West,168
2025-07-23,Perishables,West,63
2025-07-23,Industrial_Parts,West,46
2025-07-24,Electronics,North,65
2025-07-24,Clothing,North,184
2025-07-24,Home_Decor,North,82
2025-07-24,Perishables,North,33
2025-07-24,Industrial_Parts,North,185
2025-07-24,Electronics,South,151
2025-07-24,Clothing,South,81
2025-07-24,Home_Decor,South,67
2025-07-24,Perishables,South,144
2025-07-24,Industrial_Parts,South,138
2025-07-24,Electronics,East,95
2025-07-24,Clothing,East,188
2025-07-24,Home_Decor,East,111
2025-07-24,Perishables,East,110
2025-07-24,Industrial_Parts,East,91
2025-07-24,Electronics,West,118
2025-07-24,Clothing,West,187
2025-07-24,Home_Decor,West,119
2025-07-24,Perishables,West,174
2025-07-24,Industrial_Parts,West,103
2025-07-25,Electronics,North,194
2025-07-25,Clothing,North,86
2025-07-25,Home_Decor,North,86
2025-07-25,Perishables,North,195
2025-07-25,Industrial_Parts,North,120
2025-07-25,Electronics,South,90
2025-07-25,Clothing,South,169
2025-07-25,Home_Decor,South,93
2025-07-25,Perishables,South,176
2025-07-25,Industrial_Parts,South,125
2025-07-25,Electronics,East,64
2025-07-25,Clothing,East,181
2025-07-25,Home_Decor,East,137
2025-07-25,Perishables,East,109
2025-07-25,Industrial_Parts,East,91
2025-07-25,Electronics,West,194
2025-07-25,Clothing,West,197
2025-07-25,Home_Decor,West,78
2025-07-25,Perishables,West,176
2025-07-25,Industrial_Parts,West,207
2025-07-26,Electronics,North,138
2025-07-26,Clothing,North,78
2025-07-26,Home_Decor,North,170
2025-07-26,Perishables,North,157
2025-07-26,Industrial_Parts,North,176
2025-07-26,Electronics,South,152
2025-07-26,Clothing,South,76
2025-07-26,Home_Decor,South,147
2025-07-26,Perishables,South,148
2025-07-26,Industrial_Parts,South,155
2025-07-26,Electronics,East,77
2025-07-26,Clothing,East,136
2025-07-26,Home_Decor,East,146
2025-07-26,Perishables,East,199
2025-07-26,Industrial_Parts,East,169
2025-07-26,Electronics,West,101
2025-07-26,Clothing,West,112
2025-07-26,Home_Decor,West,107
2025-07-26,Perishables,West,134
2025-07-26,Industrial_Parts,West,187
2025-07-27,Electronics,North,175
2025-07-27,Clothing,North,85
2025-07-27,Home_Decor,North,200
2025-07-27,Perishables,North,174
2025-07-27,Industrial_Parts,North,86
2025-07-27,Electronics,South,106
2025-07-27,Clothing,South,203
2025-07-27,Home_Decor,South,92
2025-07-27,Perishables,South,116
2025-07-27,Industrial_Parts,South,64
2025-07-27,Electronics,East,100
2025-07-27,Clothing,East,87
2025-07-27,Home_Decor,East,177
2025-07-27,Perishables,East,124
2025-07-27,Industrial_Parts,East,164
2025-07-27,Electronics,West,107
2025-07-27,Clothing,West,166
2025-07-27,Home_Decor,West,84
2025-07-27,Perishables,West,81
2025-07-27,Industrial_Parts,West,123
2025-07-28,Electronics,North,121
2025-07-28,Clothing,North,139
2025-07-28,Home_Decor,North,99
2025-07-28,Perishables,North,179
2025-07-28,Industrial_Parts,North,147
2025-07-28,Electronics,South,60
2025-07-28,Clothing,South,54
2025-07-28,Home_Decor,South,95
2025-07-28,Perishables,South,85
2025-07-28,Industrial_Parts,South,152
2025-07-28,Electronics,East,63
2025-07-28,Clothing,East,91
2025-07-28,Home_Decor,East,197
2025-07-28,Perishables,East,157
2025-07-28,Industrial_Parts,East,169
2025-07-28,Electronics,West,150
2025-07-28,Clothing,West,79
2025-07-28,Home_Decor,West,107
2025-07-28,Perishables,West,210
2025-07-28,Industrial_Parts,West,161
2025-07-29,Electronics,North,175
2025-07-29,Clothing,North,64
2025-07-29,Home_Decor,North,144
2025-07-29,Perishables,North,133
2025-07-29,Industrial_Parts,North,66
2025-07-29,Electronics,South,138
2025-07-29,Clothing,South,151
2025-07-29,Home_Decor,South,174
2025-07-29,Perishables,South,103
2025-07-29,Industrial_Parts,South,160
2025-07-29,Electronics,East,109
2025-07-29,Clothing,East,86
2025-07-29,Home_Decor,East,165
2025-07-29,Perishables,East,67
2025-07-29,Industrial_Parts,East,155
2025-07-29,Electronics,West,186
2025-07-29,Clothing,West,134
2025-07-29,Home_Decor,West,167
2025-07-29,Perishables,West,143
2025-07-29,Industrial_Parts,West,116
2025-07-30,Electronics,North,120
2025-07-30,Clothing,North,118
2025-07-30,Home_Decor,North,180
2025-07-30,Perishables,North,199
2025-07-30,Industrial_Parts,North,132
2025-07-30,Electronics,South,185
2025-07-30,Clothing,South,105
2025-07-30,Home_Decor,South,162
2025-07-30,Perishables,South,162
2025-07-30,Industrial_Parts,South,57
2025-07-30,Electronics,East,164
2025-07-30,Clothing,East,70
2025-07-30,Home_Decor,East,63
2025-07-30,Perishables,East,169
2025-07-30,Industrial_Parts,East,110
2025-07-30,Electronics,West,138
2025-07-30,Clothing,West,153
2025-07-30,Home_Decor,West,142
2025-07-30,Perishables,West,100
2025-07-30,Industrial_Parts,West,133
2025-07-31,Electronics,North,99
2025-07-31,Clothing,North,157
2025-07-31,Home_Decor,North,81
2025-07-31,Perishables,North,89
2025-07-31,Industrial_Parts,North,158
2025-07-31,Electronics,South,124
2025-07-31,Clothing,South,67
2025-07-31,Home_Decor,South,69
2025-07-31,Perishables,South,190
2025-07-31,Industrial_Parts,South,99
2025-07-31,Electronics,East,157
2025-07-31,Clothing,East,129
2025-07-31,Home_Decor,East,75
2025-07-31,Perishables,East,60
2025-07-31,Industrial_Parts,East,116
2025-07-31,Electronics,West,56
2025-07-31,Clothing,West,62
2025-07-31,Home_Decor,West,166
2025-07-31,Perishables,West,62
2025-07-31,Industrial_Parts,West,198
2025-08-01,Electronics,North,170
2025-08-01,Clothing,North,52
2025-08-01,Home_Decor,North,147
2025-08-01,Perishables,North,146
2025-08-01,Industrial_Parts,North,86
2025-08-01,Electronics,South,92
2025-08-01,Clothing,South,143
2025-08-01,Home_Decor,South,175
2025-08-01,Perishables,South,109
2025-08-01,Industrial_Parts,South,198
2025-08-01,Electronics,East,148
2025-08-01,Clothing,East,103
2025-08-01,Home_Decor,East,93
2025-08-01,Perishables,East,153
2025-08-01,Industrial_Parts,East,54
2025-08-01,Electronics,West,44
2025-08-01,Clothing,West,65
2025-08-01,Home_Decor,West,185
2025-08-01,Perishables,West,133
2025-08-01,Industrial_Parts,West,62
2025-08-02,Electronics,North,58
2025-08-02,Clothing,North,157
2025-08-02,Home_Decor,North,44
2025-08-02,Perishables,North,130
2025-08-02,Industrial_Parts,North,186
2025-08-02,Electronics,South,73
2025-08-02,Clothing,South,99
2025-08-02,Home_Decor,South,95
2025-08-02,Perishables,South,184
2025-08-02,Industrial_Parts,South,95
2025-08-02,Electronics,East,175
2025-08-02,Clothing,East,100
2025-08-02,Home_Decor,East,131
2025-08-02,Perishables,East,42
2025-08-02,Industrial_Parts,East,97
2025-08-02,Electronics,West,118
2025-08-02,Clothing,West,162
2025-08-02,Home_Decor,West,64
2025-08-02,Perishables,West,153
2025-08-02,Industrial_Parts,West,88
2025-08-03,Electronics,North,101
2025-08-03,Clothing,North,110
2025-08-03,Home_Decor,North,156
2025-08-03,Perishables,North,173
2025-08-03,Industrial_Parts,North,117
2025-08-03,Electronics,South,184
2025-08-03,Clothing,South,91
2025-08-03,Home_Decor,South,57
2025-08-03,Perishables,South,86
2025-08-03,Industrial_Parts,South,74
2025-08-03,Electronics,East,154
2025-08-03,Clothing,East,94
2025-08-03,Home_Decor,East,104
2025-08-03,Perishables,East,137
2025-08-03,Industrial_Parts,East,68
2025-08-03,Electronics,West,181
2025-08-03,Clothing,West,84
2025-08-03,Home_Decor,West,197
2025-08-03,Perishables,West,189
2025-08-03,Industrial_Parts,West,110
2025-08-04,Electronics,North,142
2025-08-04,Clothing,North,192
2025-08-04,Home_Decor,North,114
2025-08-04,Perishables,North,150
2025-08-04,Industrial_Parts,North,140
2025-08-04,Electronics,South,65
2025-08-04,Clothing,South,156
2025-08-04,Home_Decor,South,115
2025-08-04,Perishables,South,59
2025-08-04,Industrial_Parts,South,150
2025-08-04,Electronics,East,118
2025-08-04,Clothing,East,106
2025-08-04,Home_Decor,East,136
2025-08-04,Perishables,East,194
2025-08-04,Industrial_Parts,East,202
2025-08-04,Electronics,West,62
2025-08-04,Clothing,West,190
2025-08-04,Home_Decor,West,165
2025-08-04,Perishables,West,134
2025-08-04,Industrial_Parts,West,191
2025-08-05,Electronics,North,59
2025-08-05,Clothing,North,77
2025-08-05,Home_Decor,North,55
2025-08-05,Perishables,North,192
2025-08-05,Industrial_Parts,North,118
2025-08-05,Electronics,South,92
2025-08-05,Clothing,South,54
2025-08-05,Home_Decor,South,183
2025-08-05,Perishables,South,155
2025-08-05,Industrial_Parts,South,111
2025-08-05,Electronics,East,76
2025-08-05,Clothing,East,155
2025-08-05,Home_Decor,East,154
2025-08-05,Perishables,East,184
2025-08-05,Industrial_Parts,East,110
2025-08-05,Electronics,West,67
2025-08-05,Clothing,West,67
2025-08-05,Home_Decor,West,82
2025-08-05,Perishables,West,45
2025-08-05,Industrial_Parts,West,175
2025-08-06,Electronics,North,182
2025-08-06,Clothing,North,73
2025-08-06,Home_Decor,North,129
2025-08-06,Perishables,North,94
2025-08-06,Industrial_Parts,North,176
2025-08-06,Electronics,South,48
2025-08-06,Clothing,South,81
2025-08-06,Home_Decor,South,172
2025-08-06,Perishables,South,57
2025-08-06,Industrial_Parts,South,74
2025-08-06,Electronics,East,140
2025-08-06,Clothing,East,139
2025-08-06,Home_Decor,East,96
2025-08-06,Perishables,East,157
2025-08-06,Industrial_Parts,East,144
2025-08-06,Electronics,West,156
2025-08-06,Clothing,West,181
2025-08-06,Home_Decor,West,130
2025-08-06,Perishables,West,88
2025-08-06,Industrial_Parts,West,140
2025-08-07,Electronics,North,165
2025-08-07,Clothing,North,83
2025-08-07,Home_Decor,North,126
2025-08-07,Perishables,North,177
2025-08-07,Industrial_Parts,North,52
2025-08-07,Electronics,South,184
2025-08-07,Clothing,South,183
2025-08-07,Home_Decor,South,103
2025-08-07,Perishables,South,58
2025-08-07,Industrial_Parts,South,161
2025-08-07,Electronics,East,197
2025-08-07,Clothing,East,139
2025-08-07,Home_Decor,East,111
2025-08-07,Perishables,East,80
2025-08-07,Industrial_Parts,East,114
2025-08-07,Electronics,West,156
2025-08-07,Clothing,West,116
2025-08-07,Home_Decor,West,180
2025-08-07,Perishables,West,179
2025-08-07,Industrial_Parts,West,139
2025-08-08,Electronics,North,174
2025-08-08,Clothing,North,56
2025-08-08,Home_Decor,North,98
2025-08-08,Perishables,North,56
2025-08-08,Industrial_Parts,North,44
2025-08-08,Electronics,South,182
2025-08-08,Clothing,South,139
2025-08-08,Home_Decor,South,66
2025-08-08,Perishables,South,154
2025-08-08,Industrial_Parts,South,150
2025-08-08,Electronics,East,153
2025-08-08,Clothing,East,135
2025-08-08,Home_Decor,East,169
2025-08-08,Perishables,East,102
2025-08-08,Industrial_Parts,East,53
2025-08-08,Electronics,West,58
2025-08-08,Clothing,West,155
2025-08-08,Home_Decor,West,161
2025-08-08,Perishables,West,59
2025-08-08,Industrial_Parts,West,116
2025-08-09,Electronics,North,90
2025-08-09,Clothing,North,154
2025-08-09,Home_Decor,North,154
2025-08-09,Perishables,North,101
2025-08-09,Industrial_Parts,North,90
2025-08-09,Electronics,South,189
2025-08-09,Clothing,South,60
2025-08-09,Home_Decor,South,177
2025-08-09,Perishables,South,164
2025-08-09,Industrial_Parts,South,148
2025-08-09,Electronics,East,161
2025-08-09,Clothing,East,185
2025-08-09,Home_Decor,East,51
2025-08-09,Perishables,East,57
2025-08-09,Industrial_Parts,East,82
2025-08-09,Electronics,West,122
2025-08-09,Clothing,West,58
2025-08-09,Home_Decor,West,46
2025-08-09,Perishables,West,189
2025-08-09,Industrial_Parts,West,149
2025-08-10,Electronics,North,159
2025-08-10,Clothing,North,149
2025-08-10,Home_Decor,North,154
2025-08-10,Perishables,North,68
2025-08-10,Industrial_Parts,North,168
2025-08-10,Electronics,South,37
2025-08-10,Clothing,South,79
2025-08-10,Home_Decor,South,89
2025-08-10,Perishables,South,92
2025-08-10,Industrial_Parts,South,131
2025-08-10,Electronics,East,152
2025-08-10,Clothing,East,147
2025-08-10,Home_Decor,East,49
2025-08-10,Perishables,East,75
2025-08-10,Industrial_Parts,East,149
2025-08-10,Electronics,West,44
2025-08-10,Clothing,West,104
2025-08-10,Home_Decor,West,188
2025-08-10,Perishables,West,159
2025-08-10,Industrial_Parts,West,141
2025-08-11,Electronics,North,91
2025-08-11,Clothing,North,72
2025-08-11,Home_Decor,North,120
2025-08-11,Perishables,North,117
2025-08-11,Industrial_Parts,North,111
2025-08-11,Electronics,South,123
2025-08-11,Clothing,South,70
2025-08-11,Home_Decor,South,197
2025-08-11,Perishables,South,62
2025-08-11,Industrial_Parts,South,78
2025-08-11,Electronics,East,108
2025-08-11,Clothing,East,78
2025-08-11,Home_Decor,East,91
2025-08-11,Perishables,East,75
2025-08-11,Industrial_Parts,East,51
2025-08-11,Electronics,West,167
2025-08-11,Clothing,West,69
2025-08-11,Home_Decor,West,91
2025-08-11,Perishables,West,53
2025-08-11,Industrial_Parts,West,184
2025-08-12,Electronics,North,72
2025-08-12,Clothing,North,73
2025-08-12,Home_Decor,North,121
2025-08-12,Perishables,North,88
2025-08-12,Industrial_Parts,North,53
2025-08-12,Electronics,South,139
2025-08-12,Clothing,South,146
2025-08-12,Home_Decor,South,133
2025-08-12,Perishables,South,154
2025-08-12,Industrial_Parts,South,146
2025-08-12,Electronics,East,169
2025-08-12,Clothing,East,179
2025-08-12,Home_Decor,East,95
2025-08-12,Perishables,East,180
2025-08-12,Industrial_Parts,East,199
2025-08-12,Electronics,West,120
2025-08-12,Clothing,West,83
2025-08-12,Home_Decor,West,156
2025-08-12,Perishables,West,84
2025-08-12,Industrial_Parts,West,40
2025-08-13,Electronics,North,87
2025-08-13,Clothing,North,61
2025-08-13,Home_Decor,North,64
2025-08-13,Perishables,North,53
2025-08-13,Industrial_Parts,North,101
2025-08-13,Electronics,South,123
2025-08-13,Clothing,South,85
2025-08-13,Home_Decor,South,78
2025-08-13,Perishables,South,107
2025-08-13,Industrial_Parts,South,161
2025-08-13,Electronics,East,161
2025-08-13,Clothing,East,165
2025-08-13,Home_Decor,East,158
2025-08-13,Perishables,East,104
2025-08-13,Industrial_Parts,East,130
2025-08-13,Electronics,West,60
2025-08-13,Clothing,West,129
2025-08-13,Home_Decor,West,58
2025-08-13,Perishables,West,37
2025-08-13,Industrial_Parts,West,98
2025-08-14,Electronics,North,103
2025-08-14,Clothing,North,129
2025-08-14,Home_Decor,North,89
2025-08-14,Perishables,North,69
2025-08-14,Industrial_Parts,North,149
2025-08-14,Electronics,South,72
2025-08-14,Clothing,South,55
2025-08-14,Home_Decor,South,145
2025-08-14,Perishables,South,89
2025-08-14,Industrial_Parts,South,166
2025-08-14,Electronics,East,128
2025-08-14,Clothing,East,134
2025-08-14,Home_Decor,East,85
2025-08-14,Perishables,East,185
2025-08-14,Industrial_Parts,East,144
2025-08-14,Electronics,West,169
2025-08-14,Clothing,West,151
2025-08-14,Home_Decor,West,188
2025-08-14,Perishables,West,104
2025-08-14,Industrial_Parts,West,141
2025-08-15,Electronics,North,143
2025-08-15,Clothing,North,74
2025-08-15,Home_Decor,North,147
2025-08-15,Perishables,North,155
2025-08-15,Industrial_Parts,North,149
2025-08-15,Electronics,South,62
2025-08-15,Clothing,South,123
2025-08-15,Home_Decor,South,142
2025-08-15,Perishables,South,48
2025-08-15,Industrial_Parts,South,139
2025-08-15,Electronics,East,152
2025-08-15,Clothing,East,73
2025-08-15,Home_Decor,East,56
2025-08-15,Perishables,East,72
2025-08-15,Industrial_Parts,East,102
2025-08-15,Electronics,West,96
2025-08-15,Clothing,West,149
2025-08-15,Home_Decor,West,93
2025-08-15,Perishables,West,52
2025-08-15,Industrial_Parts,West,76
2025-08-16,Electronics,North,76
2025-08-16,Clothing,North,69
2025-08-16,Home_Decor,North,143
2025-08-16,Perishables,North,64
2025-08-16,Industrial_Parts,North,124
2025-08-16,Electronics,South,175
2025-08-16,Clothing,South,47
2025-08-16,Home_Decor,South,66
2025-08-16,Perishables,South,82
2025-08-16,Industrial_Parts,South,125
2025-08-16,Electronics,East,56
2025-08-16,Clothing,East,155
2025-08-16,Home_Decor,East,164
2025-08-16,Perishables,East,49
2025-08-16,Industrial_Parts,East,103
2025-08-16,Electronics,West,165
2025-08-16,Clothing,West,62
2025-08-16,Home_Decor,West,51
2025-08-16,Perishables,West,185
2025-08-16,Industrial_Parts,West,34
2025-08-17,Electronics,North,143
2025-08-17,Clothing,North,152
2025-08-17,Home_Decor,North,68
2025-08-17,Perishables,North,89
2025-08-17,Industrial_Parts,North,113
2025-08-17,Electronics,South,136
2025-08-17,Clothing,South,101
2025-08-17,Home_Decor,South,175
2025-08-17,Perishables,South,50
2025-08-17,Industrial_Parts,South,176
2025-08-17,Electronics,East,73
2025-08-17,Clothing,East,108
2025-08-17,Home_Decor,East,100
2025-08-17,Perishables,East,88
2025-08-17,Industrial_Parts,East,65
2025-08-17,Electronics,West,169
2025-08-17,Clothing,West,72
2025-08-17,Home_Decor,West,113
2025-08-17,Perishables,West,52
2025-08-17,Industrial_Parts,West,69
2025-08-18,Electronics,North,97
2025-08-18,Clothing,North,75
2025-08-18,Home_Decor,North,119
2025-08-18,Perishables,North,105
2025-08-18,Industrial_Parts,North,108
2025-08-18,Electronics,South,74
2025-08-18,Clothing,South,130
2025-08-18,Home_Decor,South,117
2025-08-18,Perishables,South,151
2025-08-18,Industrial_Parts,South,98
2025-08-18,Electronics,East,50
2025-08-18,Clothing,East,171
2025-08-18,Home_Decor,East,134
2025-08-18,Perishables,East,138
2025-08-18,Industrial_Parts,East,78
2025-08-18,Electronics,West,173
2025-08-18,Clothing,West,96
2025-08-18,Home_Decor,West,93
2025-08-18,Perishables,West,173
2025-08-18,Industrial_Parts,West,101
2025-08-19,Electronics,North,54
2025-08-19,Clothing,North,114
2025-08-19,Home_Decor,North,160
2025-08-19,Perishables,North,110
2025-08-19,Industrial_Parts,North,152
2025-08-19,Electronics,South,203
2025-08-19,Clothing,South,104
2025-08-19,Home_Decor,South,142
2025-08-19,Perishables,South,152
2025-08-19,Industrial_Parts,South,46
2025-08-19,Electronics,East,47
2025-08-19,Clothing,East,138
2025-08-19,Home_Decor,East,120
2025-08-19,Perishables,East,55
2025-08-19,Industrial_Parts,East,121
2025-08-19,Electronics,West,165
2025-08-19,Clothing,West,97
2025-08-19,Home_Decor,West,60
2025-08-19,Perishables,West,174
2025-08-19,Industrial_Parts,West,79
2025-08-20,Electronics,North,139
2025-08-20,Clothing,North,107
2025-08-20,Home_Decor,North,121
2025-08-20,Perishables,North,89
2025-08-20,Industrial_Parts,North,150
2025-08-20,Electronics,South,42
2025-08-20,Clothing,South,147
2025-08-20,Home_Decor,South,170
2025-08-20,Perishables,South,81
2025-08-20,Industrial_Parts,South,152
2025-08-20,Electronics,East,54
2025-08-20,Clothing,East,107
2025-08-20,Home_Decor,East,113
2025-08-20,Perishables,East,131
2025-08-20,Industrial_Parts,East,180
2025-08-20,Electronics,West,122
2025-08-20,Clothing,West,62
2025-08-20,Home_Decor,West,107
2025-08-20,Perishables,West,149
2025-08-20,Industrial_Parts,West,91
2025-08-21,Electronics,North,171
2025-08-21,Clothing,North,154
2025-08-21,Home_Decor,North,130
2025-08-21,Perishables,North,82
2025-08-21,Industrial_Parts,North,143
2025-08-21,Electronics,South,194
2025-08-21,Clothing,South,136
2025-08-21,Home_Decor,South,135
2025-08-21,Perishables,South,63
2025-08-21,Industrial_Parts,South,48
2025-08-21,Electronics,East,154
2025-08-21,Clothing,East,127
2025-08-21,Home_Decor,East,123
2025-08-21,Perishables,East,156
2025-08-21,Industrial_Parts,East,158
2025-08-21,Electronics,West,110
2025-08-21,Clothing,West,175
2025-08-21,Home_Decor,West,22
2025-08-21,Perishables,West,139
2025-08-21,Industrial_Parts,West,127
2025-08-22,Electronics,North,140
2025-08-22,Clothing,North,185
2025-08-22,Home_Decor,North,151
2025-08-22,Perishables,North,166
2025-08-22,Industrial_Parts,North,61
2025-08-22,Electronics,South,150
2025-08-22,Clothing,South,69
2025-08-22,Home_Decor,South,72
2025-08-22,Perishables,South,68
2025-08-22,Industrial_Parts,South,108
2025-08-22,Electronics,East,168
2025-08-22,Clothing,East,79
2025-08-22,Home_Decor,East,96
2025-08-22,Perishables,East,165
2025-08-22,Industrial_Parts,East,153
2025-08-22,Electronics,West,177
2025-08-22,Clothing,West,56
2025-08-22,Home_Decor,West,163
2025-08-22,Perishables,West,43
2025-08-22,Industrial_Parts,West,184
2025-08-23,Electronics,North,72
2025-08-23,Clothing,North,115
2025-08-23,Home_Decor,North,83
2025-08-23,Perishables,North,75
2025-08-23,Industrial_Parts,North,81
2025-08-23,Electronics,South,163
2025-08-23,Clothing,South,126
2025-08-23,Home_Decor,South,163
2025-08-23,Perishables,South,104
2025-08-23,Industrial_Parts,South,165
2025-08-23,Electronics,East,111
2025-08-23,Clothing,East,163
2025-08-23,Home_Decor,East,150
2025-08-23,Perishables,East,170
2025-08-23,Industrial_Parts,East,141
2025-08-23,Electronics,West,124
2025-08-23,Clothing,West,128
2025-08-23,Home_Decor,West,70
2025-08-23,Perishables,West,174
2025-08-23,Industrial_Parts,West,157
2025-08-24,Electronics,North,70
2025-08-24,Clothing,North,60
2025-08-24,Home_Decor,North,51
2025-08-24,Perishables,North,157
2025-08-24,Industrial_Parts,North,43
2025-08-24,Electronics,South,59
2025-08-24,Clothing,South,75
2025-08-24,Home_Decor,South,50
2025-08-24,Perishables,South,114
2025-08-24,Industrial_Parts,South,166
2025-08-24,Electronics,East,80
2025-08-24,Clothing,East,100
2025-08-24,Home_Decor,East,76
2025-08-24,Perishables,East,106
2025-08-24,Industrial_Parts,East,73
2025-08-24,Electronics,West,163
2025-08-24,Clothing,West,119
2025-08-24,Home_Decor,West,140
2025-08-24,Perishables,West,50
2025-08-24,Industrial_Parts,West,121
2025-08-25,Electronics,North,112
2025-08-25,Clothing,North,188
2025-08-25,Home_Decor,North,146
2025-08-25,Perishables,North,141
2025-08-25,Industrial_Parts,North,153
2025-08-25,Electronics,South,80
2025-08-25,Clothing,South,160
2025-08-25,Home_Decor,South,118
2025-08-25,Perishables,South,100
2025-08-25,Industrial_Parts,South,128
2025-08-25,Electronics,East,67
2025-08-25,Clothing,East,88
2025-08-25,Home_Decor,East,159
2025-08-25,Perishables,East,55
2025-08-25,Industrial_Parts,East,73
2025-08-25,Electronics,West,126
2025-08-25,Clothing,West,107
2025-08-25,Home_Decor,West,126
2025-08-25,Perishables,West,120
2025-08-25,Industrial_Parts,West,70
2025-08-26,Electronics,North,155
2025-08-26,Clothing,North,100
2025-08-26,Home_Decor,North,108
2025-08-26,Perishables,North,166
2025-08-26,Industrial_Parts,North,108
2025-08-26,Electronics,South,44
2025-08-26,Clothing,South,132
2025-08-26,Home_Decor,South,143
2025-08-26,Perishables,South,50
2025-08-26,Industrial_Parts,South,99
2025-08-26,Electronics,East,109
2025-08-26,Clothing,East,49
2025-08-26,Home_Decor,East,102
2025-08-26,Perishables,East,148
2025-08-26,Industrial_Parts,East,115
2025-08-26,Electronics,West,167
2025-08-26,Clothing,West,165
2025-08-26,Home_Decor,West,53
2025-08-26,Perishables,West,166
2025-08-26,Industrial_Parts,West,70
2025-08-27,Electronics,North,56
2025-08-27,Clothing,North,155
2025-08-27,Home_Decor,North,104
2025-08-27,Perishables,North,64
2025-08-27,Industrial_Parts,North,81
2025-08-27,Electronics,South,136
2025-08-27,Clothing,South,135
2025-08-27,Home_Decor,South,36
2025-08-27,Perishables,South,70
2025-08-27,Industrial_Parts,South,135
2025-08-27,Electronics,East,48
2025-08-27,Clothing,East,83
2025-08-27,Home_Decor,East,53
2025-08-27,Perishables,East,112
2025-08-27,Industrial_Parts,East,169
2025-08-27,Electronics,West,157
2025-08-27,Clothing,West,70
2025-08-27,Home_Decor,West,186
2025-08-27,Perishables,West,57
2025-08-27,Industrial_Parts,West,57
2025-08-28,Electronics,North,96
2025-08-28,Clothing,North,97
2025-08-28,Home_Decor,North,164
2025-08-28,Perishables,North,118
2025-08-28,Industrial_Parts,North,120
2025-08-28,Electronics,South,110
2025-08-28,Clothing,South,114
2025-08-28,Home_Decor,South,31
2025-08-28,Perishables,South,124
2025-08-28,Industrial_Parts,South,143
2025-08-28,Electronics,East,61
2025-08-28,Clothing,East,50
2025-08-28,Home_Decor,East,74
2025-08-28,Perishables,East,123
2025-08-28,Industrial_Parts,East,101
2025-08-28,Electronics,West,153
2025-08-28,Clothing,West,140
2025-08-28,Home_Decor,West,160
2025-08-28,Perishables,West,158
2025-08-28,Industrial_Parts,West,96
2025-08-29,Electronics,North,107
2025-08-29,Clothing,North,131
2025-08-29,Home_Decor,North,105
2025-08-29,Perishables,North,155
2025-08-29,Industrial_Parts,North,101
2025-08-29,Electronics,South,114
2025-08-29,Clothing,South,110
2025-08-29,Home_Decor,South,91
2025-08-29,Perishables,South,124
2025-08-29,Industrial_Parts,South,129
2025-08-29,Electronics,East,81
2025-08-29,Clothing,East,158
2025-08-29,Home_Decor,East,137
2025-08-29,Perishables,East,111
2025-08-29,Industrial_Parts,East,153
2025-08-29,Electronics,West,169
2025-08-29,Clothing,West,137
2025-08-29,Home_Decor,West,97
2025-08-29,Perishables,West,42
2025-08-29,Industrial_Parts,West,52
2025-08-30,Electronics,North,101
2025-08-30,Clothing,North,46
2025-08-30,Home_Decor,North,125
2025-08-30,Perishables,North,76
2025-08-30,Industrial_Parts,North,164
2025-08-30,Electronics,South,72
2025-08-30,Clothing,South,129
2025-08-30,Home_Decor,South,140
2025-08-30,Perishables,South,63
2025-08-30,Industrial_Parts,South,108
2025-08-30,Electronics,East,157
2025-08-30,Clothing,East,116
2025-08-30,Home_Decor,East,78
2025-08-30,Perishables,East,97
2025-08-30,Industrial_Parts,East,39
2025-08-30,Electronics,West,142
2025-08-30,Clothing,West,119
2025-08-30,Home_Decor,West,105
2025-08-30,Perishables,West,102
2025-08-30,Industrial_Parts,West,127
2025-08-31,Electronics,North,50
2025-08-31,Clothing,North,131
2025-08-31,Home_Decor,North,152
2025-08-31,Perishables,North,81
2025-08-31,Industrial_Parts,North,50
2025-08-31,Electronics,South,137
2025-08-31,Clothing,South,113
2025-08-31,Home_Decor,South,39
2025-08-31,Perishables,South,185
2025-08-31,Industrial_Parts,South,136
2025-08-31,Electronics,East,85
2025-08-31,Clothing,East,164
2025-08-31,Home_Decor,East,160
2025-08-31,Perishables,East,90
2025-08-31,Industrial_Parts,East,148
2025-08-31,Electronics,West,117
2025-08-31,Clothing,West,161
2025-08-31,Home_Decor,West,103
2025-08-31,Perishables,West,42
2025-08-31,Industrial_Parts,West,147
2025-09-01,Electronics,North,130
2025-09-01,Clothing,North,120
2025-09-01,Home_Decor,North,63
2025-09-01,Perishables,North,148
2025-09-01,Industrial_Parts,North,90
2025-09-01,Electronics,South,62
2025-09-01,Clothing,South,66
2025-09-01,Home_Decor,South,185
2025-09-01,Perishables,South,128
2025-09-01,Industrial_Parts,South,115
2025-09-01,Electronics,East,172
2025-09-01,Clothing,East,151
2025-09-01,Home_Decor,East,132
2025-09-01,Perishables,East,122
2025-09-01,Industrial_Parts,East,40
2025-09-01,Electronics,West,83
2025-09-01,Clothing,West,95
2025-09-01,Home_Decor,West,64
2025-09-01,Perishables,West,152
2025-09-01,Industrial_Parts,West,163
2025-09-02,Electronics,North,145
2025-09-02,Clothing,North,112
2025-09-02,Home_Decor,North,59
2025-09-02,Perishables,North,85
2025-09-02,Industrial_Parts,North,106
2025-09-02,Electronics,South,88
2025-09-02,Clothing,South,112
2025-09-02,Home_Decor,South,102
2025-09-02,Perishables,South,68
2025-09-02,Industrial_Parts,South,45
2025-09-02,Electronics,East,84
2025-09-02,Clothing,East,114
2025-09-02,Home_Decor,East,116
2025-09-02,Perishables,East,153
2025-09-02,Industrial_Parts,East,153
2025-09-02,Electronics,West,167
2025-09-02,Clothing,West,61
2025-09-02,Home_Decor,West,114
2025-09-02,Perishables,West,107
2025-09-02,Industrial_Parts,West,145
2025-09-03,Electronics,North,106
2025-09-03,Clothing,North,134
2025-09-03,Home_Decor,North,85
2025-09-03,Perishables,North,138
2025-09-03,Industrial_Parts,North,104
2025-09-03,Electronics,South,157
2025-09-03,Clothing,South,77
2025-09-03,Home_Decor,South,78
2025-09-03,Perishables,South,126
2025-09-03,Industrial_Parts,South,81
2025-09-03,Electronics,East,134
2025-09-03,Clothing,East,89
2025-09-03,Home_Decor,East,150
2025-09-03,Perishables,East,172
2025-09-03,Industrial_Parts,East,63
2025-09-03,Electronics,West,172
2025-09-03,Clothing,West,139
2025-09-03,Home_Decor,West,38
2025-09-03,Perishables,West,111
2025-09-03,Industrial_Parts,West,108
2025-09-04,Electronics,North,171
2025-09-04,Clothing,North,75
2025-09-04,Home_Decor,North,139
2025-09-04,Perishables,North,86
2025-09-04,Industrial_Parts,North,89
2025-09-04,Electronics,South,161
2025-09-04,Clothing,South,133
2025-09-04,Home_Decor,South,95
2025-09-04,Perishables,South,143
2025-09-04,Industrial_Parts,South,166
2025-09-04,Electronics,East,116
2025-09-04,Clothing,East,112
2025-09-04,Home_Decor,East,135
2025-09-04,Perishables,East,128
2025-09-04,Industrial_Parts,East,126
2025-09-04,Electronics,West,104
2025-09-04,Clothing,West,69
2025-09-04,Home_Decor,West,67
2025-09-04,Perishables,West,125
2025-09-04,Industrial_Parts,West,99
2025-09-05,Electronics,North,113
2025-09-05,Clothing,North,129
2025-09-05,Home_Decor,North,53
2025-09-05,Perishables,North,115
2025-09-05,Industrial_Parts,North,45
2025-09-05,Electronics,South,82
2025-09-05,Clothing,South,67
2025-09-05,Home_Decor,South,61
2025-09-05,Perishables,South,73
2025-09-05,Industrial_Parts,South,155
2025-09-05,Electronics,East,110
2025-09-05,Clothing,East,102
2025-09-05,Home_Decor,East,94
2025-09-05,Perishables,East,100
2025-09-05,Industrial_Parts,East,155
2025-09-05,Electronics,West,91
2025-09-05,Clothing,West,76
2025-09-05,Home_Decor,West,109
2025-09-05,Perishables,West,157
2025-09-05,Industrial_Parts,West,143
2025-09-06,Electronics,North,133
2025-09-06,Clothing,North,105
2025-09-06,Home_Decor,North,93
2025-09-06,Perishables,North,40
2025-09-06,Industrial_Parts,North,90
2025-09-06,Electronics,South,135
2025-09-06,Clothing,South,119
2025-09-06,Home_Decor,South,78
2025-09-06,Perishables,South,69
2025-09-06,Industrial_Parts,South,62
2025-09-06,Electronics,East,85
2025-09-06,Clothing,East,86
2025-09-06,Home_Decor,East,136
2025-09-06,Perishables,East,143
2025-09-06,Industrial_Parts,East,69
2025-09-06,Electronics,West,95
2025-09-06,Clothing,West,61
2025-09-06,Home_Decor,West,143
2025-09-06,Perishables,West,125
2025-09-06,Industrial_Parts,West,47
2025-09-07,Electronics,North,83
2025-09-07,Clothing,North,134
2025-09-07,Home_Decor,North,78
2025-09-07,Perishables,North,113
2025-09-07,Industrial_Parts,North,147
2025-09-07,Electronics,South,123
2025-09-07,Clothing,South,145
2025-09-07,Home_Decor,South,96
2025-09-07,Perishables,South,89
2025-09-07,Industrial_Parts,South,87
2025-09-07,Electronics,East,101
2025-09-07,Clothing,East,141
2025-09-07,Home_Decor,East,118
2025-09-07,Perishables,East,91
2025-09-07,Industrial_Parts,East,51
2025-09-07,Electronics,West,82
2025-09-07,Clothing,West,48
2025-09-07,Home_Decor,West,144
2025-09-07,Perishables,West,56
2025-09-07,Industrial_Parts,West,156
2025-09-08,Electronics,North,70
2025-09-08,Clothing,North,63
2025-09-08,Home_Decor,North,87
2025-09-08,Perishables,North,37
2025-09-08,Industrial_Parts,North,138
2025-09-08,Electronics,South,60
2025-09-08,Clothing,South,45
2025-09-08,Home_Decor,South,158
2025-09-08,Perishables,South,85
2025-09-08,Industrial_Parts,South,32
2025-09-08,Electronics,East,45
2025-09-08,Clothing,East,139
2025-09-08,Home_Decor,East,134
2025-09-08,Perishables,East,85
2025-09-08,Industrial_Parts,East,71
2025-09-08,Electronics,West,159
2025-09-08,Clothing,West,100
2025-09-08,Home_Decor,West,136
2025-09-08,Perishables,West,112
2025-09-08,Industrial_Parts,West,85
2025-09-09,Electronics,North,57
2025-09-09,Clothing,North,105
2025-09-09,Home_Decor,North,155
2025-09-09,Perishables,North,76
2025-09-09,Industrial_Parts,North,108
2025-09-09,Electronics,South,143
2025-09-09,Clothing,South,114
2025-09-09,Home_Decor,South,65
2025-09-09,Perishables,South,145
2025-09-09,Industrial_Parts,South,120
2025-09-09,Electronics,East,46
2025-09-09,Clothing,East,145
2025-09-09,Home_Decor,East,51
2025-09-09,Perishables,East,123
2025-09-09,Industrial_Parts,East,103
2025-09-09,Electronics,West,106
2025-09-09,Clothing,West,123
2025-09-09,Home_Decor,West,128
2025-09-09,Perishables,West,140
2025-09-09,Industrial_Parts,West,149
2025-09-10,Electronics,North,63
2025-09-10,Clothing,North,86
2025-09-10,Home_Decor,North,158
2025-09-10,Perishables,North,136
2025-09-10,Industrial_Parts,North,153
2025-09-10,Electronics,South,140
2025-09-10,Clothing,South,74
2025-09-10,Home_Decor,South,113
2025-09-10,Perishables,South,147
2025-09-10,Industrial_Parts,South,70
2025-09-10,Electronics,East,106
2025-09-10,Clothing,East,162
2025-09-10,Home_Decor,East,131
2025-09-10,Perishables,East,88
2025-09-10,Industrial_Parts,East,31
2025-09-10,Electronics,West,106
2025-09-10,Clothing,West,123
2025-09-10,Home_Decor,West,132
2025-09-10,Perishables,West,139
2025-09-10,Industrial_Parts,West,66
2025-09-11,Electronics,North,151
2025-09-11,Clothing,North,42
2025-09-11,Home_Decor,North,63
2025-09-11,Perishables,North,123
2025-09-11,Industrial_Parts,North,97
2025-09-11,Electronics,South,30
2025-09-11,Clothing,South,43
2025-09-11,Home_Decor,South,90
2025-09-11,Perishables,South,129
2025-09-11,Industrial_Parts,South,154
2025-09-11,Electronics,East,170
2025-09-11,Clothing,East,81
2025-09-11,Home_Decor,East,140
2025-09-11,Perishables,East,103
2025-09-11,Industrial_Parts,East,58
2025-09-11,Electronics,West,140
2025-09-11,Clothing,West,73
2025-09-11,Home_Decor,West,107
2025-09-11,Perishables,West,77
2025-09-11,Industrial_Parts,West,91
2025-09-12,Electronics,North,133
2025-09-12,Clothing,North,53
2025-09-12,Home_Decor,North,89
2025-09-12,Perishables,North,125
2025-09-12,Industrial_Parts,North,144
2025-09-12,Electronics,South,75
2025-09-12,Clothing,South,59
2025-09-12,Home_Decor,South,40
2025-09-12,Perishables,South,51
2025-09-12,Industrial_Parts,South,104
2025-09-12,Electronics,East,65
2025-09-12,Clothing,East,133
2025-09-12,Home_Decor,East,108
2025-09-12,Perishables,East,158
2025-09-12,Industrial_Parts,East,37
2025-09-12,Electronics,West,85
2025-09-12,Clothing,West,111
2025-09-12,Home_Decor,West,132
2025-09-12,Perishables,West,104
2025-09-12,Industrial_Parts,West,104
2025-09-13,Electronics,North,126
2025-09-13,Clothing,North,18
2025-09-13,Home_Decor,North,55
2025-09-13,Perishables,North,156
2025-09-13,Industrial_Parts,North,82
2025-09-13,Electronics,South,88
2025-09-13,Clothing,South,118
2025-09-13,Home_Decor,South,36
2025-09-13,Perishables,South,77
2025-09-13,Industrial_Parts,South,116
2025-09-13,Electronics,East,67
2025-09-13,Clothing,East,138
2025-09-13,Home_Decor,East,111
2025-09-13,Perishables,East,150
2025-09-13,Industrial_Parts,East,165
2025-09-13,Electronics,West,151
2025-09-13,Clothing,West,82
2025-09-13,Home_Decor,West,139
2025-09-13,Perishables,West,56
2025-09-13,Industrial_Parts,West,122
2025-09-14,Electronics,North,93
2025-09-14,Clothing,North,141
2025-09-14,Home_Decor,North,90
2025-09-14,Perishables,North,118
2025-09-14,Industrial_Parts,North,138
2025-09-14,Electronics,South,118
2025-09-14,Clothing,South,84
2025-09-14,Home_Decor,South,61
2025-09-14,Perishables,South,78
2025-09-14,Industrial_Parts,South,68
2025-09-14,Electronics,East,38
2025-09-14,Clothing,East,147
2025-09-14,Home_Decor,East,121
2025-09-14,Perishables,East,88
2025-09-14,Industrial_Parts,East,123
2025-09-14,Electronics,West,139
2025-09-14,Clothing,West,70
2025-09-14,Home_Decor,West,95
2025-09-14,Perishables,West,86
2025-09-14,Industrial_Parts,West,126
2025-09-15,Electronics,North,79
2025-09-15,Clothing,North,75
2025-09-15,Home_Decor,North,50
2025-09-15,Perishables,North,63
2025-09-15,Industrial_Parts,North,43
2025-09-15,Electronics,South,59
2025-09-15,Clothing,South,52
2025-09-15,Home_Decor,South,43
2025-09-15,Perishables,South,132
2025-09-15,Industrial_Parts,South,90
2025-09-15,Electronics,East,180
2025-09-15,Clothing,East,134
2025-09-15,Home_Decor,East,81
2025-09-15,Perishables,East,75
2025-09-15,Industrial_Parts,East,71
2025-09-15,Electronics,West,31
2025-09-15,Clothing,West,107
2025-09-15,Home_Decor,West,35
2025-09-15,Perishables,West,63
2025-09-15,Industrial_Parts,West,70
2025-09-16,Electronics,North,147
2025-09-16,Clothing,North,117
2025-09-16,Home_Decor,North,28
2025-09-16,Perishables,North,82
2025-09-16,Industrial_Parts,North,87
2025-09-16,Electronics,South,93
2025-09-16,Clothing,South,158
2025-09-16,Home_Decor,South,27
2025-09-16,Perishables,South,102
2025-09-16,Industrial_Parts,South,39
2025-09-16,Electronics,East,155
2025-09-16,Clothing,East,96
2025-09-16,Home_Decor,East,150
2025-09-16,Perishables,East,65
2025-09-16,Industrial_Parts,East,81
2025-09-16,Electronics,West,126
2025-09-16,Clothing,West,138
2025-09-16,Home_Decor,West,116
2025-09-16,Perishables,West,143
2025-09-16,Industrial_Parts,West,68
2025-09-17,Electronics,North,48
2025-09-17,Clothing,North,76
2025-09-17,Home_Decor,North,66
2025-09-17,Perishables,North,162
2025-09-17,Industrial_Parts,North,108
2025-09-17,Electronics,South,79
2025-09-17,Clothing,South,158
2025-09-17,Home_Decor,South,95
2025-09-17,Perishables,South,119
2025-09-17,Industrial_Parts,South,158
2025-09-17,Electronics,East,127
2025-09-17,Clothing,East,73
2025-09-17,Home_Decor,East,85
2025-09-17,Perishables,East,150
2025-09-17,Industrial_Parts,East,43
2025-09-17,Electronics,West,86
2025-09-17,Clothing,West,125
2025-09-17,Home_Decor,West,95
2025-09-17,Perishables,West,102
2025-09-17,Industrial_Parts,West,60
2025-09-18,Electronics,North,57
2025-09-18,Clothing,North,96
2025-09-18,Home_Decor,North,113
2025-09-18,Perishables,North,47
2025-09-18,Industrial_Parts,North,134
2025-09-18,Electronics,South,160
2025-09-18,Clothing,South,132
2025-09-18,Home_Decor,South,155
2025-09-18,Perishables,South,46
2025-09-18,Industrial_Parts,South,118
2025-09-18,Electronics,East,157
2025-09-18,Clothing,East,103
2025-09-18,Home_Decor,East,123
2025-09-18,Perishables,East,124
2025-09-18,Industrial_Parts,East,107
2025-09-18,Electronics,West,97
2025-09-18,Clothing,West,58
2025-09-18,Home_Decor,West,74
2025-09-18,Perishables,West,56
2025-09-18,Industrial_Parts,West,158
2025-09-19,Electronics,North,143
2025-09-19,Clothing,North,95
2025-09-19,Home_Decor,North,151
2025-09-19,Perishables,North,81
2025-09-19,Industrial_Parts,North,44
2025-09-19,Electronics,South,100
2025-09-19,Clothing,South,81
2025-09-19,Home_Decor,South,56
2025-09-19,Perishables,South,120
2025-09-19,Industrial_Parts,South,73
2025-09-19,Electronics,East,130
2025-09-19,Clothing,East,104
2025-09-19,Home_Decor,East,113
2025-09-19,Perishables,East,66
2025-09-19,Industrial_Parts,East,90
2025-09-19,Electronics,West,54
2025-09-19,Clothing,West,66
2025-09-19,Home_Decor,West,91
2025-09-19,Perishables,West,52
2025-09-19,Industrial_Parts,West,45
2025-09-20,Electronics,North,121
2025-09-20,Clothing,North,39
2025-09-20,Home_Decor,North,126
2025-09-20,Perishables,North,135
2025-09-20,Industrial_Parts,North,145
2025-09-20,Electronics,South,109
2025-09-20,Clothing,South,124
2025-09-20,Home_Decor,South,139
2025-09-20,Perishables,South,144
2025-09-20,Industrial_Parts,South,77
2025-09-20,Electronics,East,85
2025-09-20,Clothing,East,156
2025-09-20,Home_Decor,East,39
2025-09-20,Perishables,East,147
2025-09-20,Industrial_Parts,East,76
2025-09-20,Electronics,West,97
2025-09-20,Clothing,West,47
2025-09-20,Home_Decor,West,96
2025-09-20,Perishables,West,66
2025-09-20,Industrial_Parts,West,110
2025-09-21,Electronics,North,59
2025-09-21,Clothing,North,81
2025-09-21,Home_Decor,North,146
2025-09-21,Perishables,North,49
2025-09-21,Industrial_Parts,North,74
2025-09-21,Electronics,South,122
2025-09-21,Clothing,South,53
2025-09-21,Home_Decor,South,95
2025-09-21,Perishables,South,88
2025-09-21,Industrial_Parts,South,60
2025-09-21,Electronics,East,94
2025-09-21,Clothing,East,125
2025-09-21,Home_Decor,East,116
2025-09-21,Perishables,East,96
2025-09-21,Industrial_Parts,East,85
2025-09-21,Electronics,West,119
2025-09-21,Clothing,West,29
2025-09-21,Home_Decor,West,73
2025-09-21,Perishables,West,30
2025-09-21,Industrial_Parts,West,118
2025-09-22,Electronics,North,146
2025-09-22,Clothing,North,121
2025-09-22,Home_Decor,North,31
2025-09-22,Perishables,North,59
2025-09-22,Industrial_Parts,North,116
2025-09-22,Electronics,South,70
2025-09-22,Clothing,South,132
2025-09-22,Home_Decor,South,85
2025-09-22,Perishables,South,117
2025-09-22,Industrial_Parts,South,43
2025-09-22,Electronics,East,32
2025-09-22,Clothing,East,109
2025-09-22,Home_Decor,East,95
2025-09-22,Perishables,East,96
2025-09-22,Industrial_Parts,East,62
2025-09-22,Electronics,West,84
2025-09-22,Clothing,West,122
2025-09-22,Home_Decor,West,35
2025-09-22,Perishables,West,121
2025-09-22,Industrial_Parts,West,116
2025-09-23,Electronics,North,125
2025-09-23,Clothing,North,65
2025-09-23,Home_Decor,North,48
2025-09-23,Perishables,North,112
2025-09-23,Industrial_Parts,North,71
2025-09-23,Electronics,South,108
2025-09-23,Clothing,South,117
2025-09-23,Home_Decor,South,108
2025-09-23,Perishables,South,58
2025-09-23,Industrial_Parts,South,53
2025-09-23,Electronics,East,117
2025-09-23,Clothing,East,60
2025-09-23,Home_Decor,East,88
2025-09-23,Perishables,East,126
2025-09-23,Industrial_Parts,East,93
2025-09-23,Electronics,West,150
2025-09-23,Clothing,West,79
2025-09-23,Home_Decor,West,84
2025-09-23,Perishables,West,113
2025-09-23,Industrial_Parts,West,92
2025-09-24,Electronics,North,169
2025-09-24,Clothing,North,108
2025-09-24,Home_Decor,North,30
2025-09-24,Perishables,North,142
2025-09-24,Industrial_Parts,North,33
2025-09-24,Electronics,South,138
2025-09-24,Clothing,South,122
2025-09-24,Home_Decor,South,38
2025-09-24,Perishables,South,127
2025-09-24,Industrial_Parts,South,110
2025-09-24,Electronics,East,78
2025-09-24,Clothing,East,111
2025-09-24,Home_Decor,East,91
2025-09-24,Perishables,East,103
2025-09-24,Industrial_Parts,East,57
2025-09-24,Electronics,West,113
2025-09-24,Clothing,West,155
2025-09-24,Home_Decor,West,112
2025-09-24,Perishables,West,42
2025-09-24,Industrial_Parts,West,56
2025-09-25,Electronics,North,118
2025-09-25,Clothing,North,70
2025-09-25,Home_Decor,North,35
2025-09-25,Perishables,North,123
2025-09-25,Industrial_Parts,North,58
2025-09-25,Electronics,South,133
2025-09-25,Clothing,South,132
2025-09-25,Home_Decor,South,98
2025-09-25,Perishables,South,89
2025-09-25,Industrial_Parts,South,150
2025-09-25,Electronics,East,106
2025-09-25,Clothing,East,122
2025-09-25,Home_Decor,East,99
2025-09-25,Perishables,East,78
2025-09-25,Industrial_Parts,East,156
2025-09-25,Electronics,West,42
2025-09-25,Clothing,West,41
2025-09-25,Home_Decor,West,43
2025-09-25,Perishables,West,103
2025-09-25,Industrial_Parts,West,150
2025-09-26,Electronics,North,157
2025-09-26,Clothing,North,88
2025-09-26,Home_Decor,North,94
2025-09-26,Perishables,North,77
2025-09-26,Industrial_Parts,North,110
2025-09-26,Electronics,South,115
2025-09-26,Clothing,South,124
2025-09-26,Home_Decor,South,168
2025-09-26,Perishables,South,118
2025-09-26,Industrial_Parts,South,46
2025-09-26,Electronics,East,75
2025-09-26,Clothing,East,80
2025-09-26,Home_Decor,East,89
2025-09-26,Perishables,East,88
2025-09-26,Industrial_Parts,East,50
2025-09-26,Electronics,West,67
2025-09-26,Clothing,West,147
2025-09-26,Home_Decor,West,84
2025-09-26,Perishables,West,82
2025-09-26,Industrial_Parts,West,88
2025-09-27,Electronics,North,41
2025-09-27,Clothing,North,101
2025-09-27,Home_Decor,North,153
2025-09-27,Perishables,North,50
2025-09-27,Industrial_Parts,North,115
2025-09-27,Electronics,South,65
2025-09-27,Clothing,South,116
2025-09-27,Home_Decor,South,118
2025-09-27,Perishables,South,48
2025-09-27,Industrial_Parts,South,102
2025-09-27,Electronics,East,52
2025-09-27,Clothing,East,135
2025-09-27,Home_Decor,East,59
2025-09-27,Perishables,East,97
2025-09-27,Industrial_Parts,East,82
2025-09-27,Electronics,West,41
2025-09-27,Clothing,West,73
2025-09-27,Home_Decor,West,137
2025-09-27,Perishables,West,61
2025-09-27,Industrial_Parts,West,60
2025-09-28,Electronics,North,146
2025-09-28,Clothing,North,94
2025-09-28,Home_Decor,North,151
2025-09-28,Perishables,North,127
2025-09-28,Industrial_Parts,North,81
2025-09-28,Electronics,South,62
2025-09-28,Clothing,South,70
2025-09-28,Home_Decor,South,93
2025-09-28,Perishables,South,33
2025-09-28,Industrial_Parts,South,34
2025-09-28,Electronics,East,55
2025-09-28,Clothing,East,93
2025-09-28,Home_Decor,East,141
2025-09-28,Perishables,East,113
2025-09-28,Industrial_Parts,East,58
2025-09-28,Electronics,West,64
2025-09-28,Clothing,West,52
2025-09-28,Home_Decor,West,76
2025-09-28,Perishables,West,150
2025-09-28,Industrial_Parts,West,64
2025-09-29,Electronics,North,112
2025-09-29,Clothing,North,97
2025-09-29,Home_Decor,North,26
2025-09-29,Perishables,North,72
2025-09-29,Industrial_Parts,North,68
2025-09-29,Electronics,South,138
2025-09-29,Clothing,South,43
2025-09-29,Home_Decor,South,105
2025-09-29,Perishables,South,132
2025-09-29,Industrial_Parts,South,93
2025-09-29,Electronics,East,38
2025-09-29,Clothing,East,48
2025-09-29,Home_Decor,East,43
2025-09-29,Perishables,East,88
2025-09-29,Industrial_Parts,East,82
2025-09-29,Electronics,West,139
2025-09-29,Clothing,West,79
2025-09-29,Home_Decor,West,96
2025-09-29,Perishables,West,59
2025-09-29,Industrial_Parts,West,36
2025-09-30,Electronics,North,144
2025-09-30,Clothing,North,117
2025-09-30,Home_Decor,North,49
2025-09-30,Perishables,North,70
2025-09-30,Industrial_Parts,North,106
2025-09-30,Electronics,South,74
2025-09-30,Clothing,South,75
2025-09-30,Home_Decor,South,54
2025-09-30,Perishables,South,77
2025-09-30,Industrial_Parts,South,119
2025-09-30,Electronics,East,77
2025-09-30,Clothing,East,120
2025-09-30,Home_Decor,East,38
2025-09-30,Perishables,East,129
2025-09-30,Industrial_Parts,East,138
2025-09-30,Electronics,West,134
2025-09-30,Clothing,West,36
2025-09-30,Home_Decor,West,35
2025-09-30,Perishables,West,114
2025-09-30,Industrial_Parts,West,127
2025-10-01,Electronics,North,60
2025-10-01,Clothing,North,85
2025-10-01,Home_Decor,North,58
2025-10-01,Perishables,North,134
2025-10-01,Industrial_Parts,North,60
2025-10-01,Electronics,South,92
2025-10-01,Clothing,South,153
2025-10-01,Home_Decor,South,60
2025-10-01,Perishables,South,46
2025-10-01,Industrial_Parts,South,120
2025-10-01,Electronics,East,63
2025-10-01,Clothing,East,65
2025-10-01,Home_Decor,East,93
2025-10-01,Perishables,East,125
2025-10-01,Industrial_Parts,East,55
2025-10-01,Electronics,West,65
2025-10-01,Clothing,West,146
2025-10-01,Home_Decor,West,115
2025-10-01,Perishables,West,53
2025-10-01,Industrial_Parts,West,110
2025-10-02,Electronics,North,136
2025-10-02,Clothing,North,98
2025-10-02,Home_Decor,North,110
2025-10-02,Perishables,North,113
2025-10-02,Industrial_Parts,North,83
2025-10-02,Electronics,South,87
2025-10-02,Clothing,South,134
2025-10-02,Home_Decor,South,100
2025-10-02,Perishables,South,119
2025-10-02,Industrial_Parts,South,130
2025-10-02,Electronics,East,138
2025-10-02,Clothing,East,115
2025-10-02,Home_Decor,East,54
2025-10-02,Perishables,East,92
2025-10-02,Industrial_Parts,East,94
2025-10-02,Electronics,West,80
2025-10-02,Clothing,West,94
2025-10-02,Home_Decor,West,79
2025-10-02,Perishables,West,36
2025-10-02,Industrial_Parts,West,90
2025-10-03,Electronics,North,104
2025-10-03,Clothing,North,70
2025-10-03,Home_Decor,North,143
2025-10-03,Perishables,North,134
2025-10-03,Industrial_Parts,North,71
2025-10-03,Electronics,South,105
2025-10-03,Clothing,South,74
2025-10-03,Home_Decor,South,155
2025-10-03,Perishables,South,135
2025-10-03,Industrial_Parts,South,66
2025-10-03,Electronics,East,110
2025-10-03,Clothing,East,73
2025-10-03,Home_Decor,East,124
2025-10-03,Perishables,East,132
2025-10-03,Industrial_Parts,East,123
2025-10-03,Electronics,West,42
2025-10-03,Clothing,West,120
2025-10-03,Home_Decor,West,56
2025-10-03,Perishables,West,145
2025-10-03,Industrial_Parts,West,157
2025-10-04,Electronics,North,139
2025-10-04,Clothing,North,64
2025-10-04,Home_Decor,North,38
2025-10-04,Perishables,North,105
2025-10-04,Industrial_Parts,North,136
2025-10-04,Electronics,South,128
2025-10-04,Clothing,South,120
2025-10-04,Home_Decor,South,41
2025-10-04,Perishables,South,38
2025-10-04,Industrial_Parts,South,114
2025-10-04,Electronics,East,99
2025-10-04,Clothing,East,51
2025-10-04,Home_Decor,East,42
2025-10-04,Perishables,East,47
2025-10-04,Industrial_Parts,East,94
2025-10-04,Electronics,West,130
2025-10-04,Clothing,West,94
2025-10-04,Home_Decor,West,89
2025-10-04,Perishables,West,110
2025-10-04,Industrial_Parts,West,112
2025-10-05,Electronics,North,104
2025-10-05,Clothing,North,92
2025-10-05,Home_Decor,North,92
2025-10-05,Perishables,North,53
2025-10-05,Industrial_Parts,North,105
2025-10-05,Electronics,South,125
2025-10-05,Clothing,South,129
2025-10-05,Home_Decor,South,121
2025-10-05,Perishables,South,122
2025-10-05,Industrial_Parts,South,63
2025-10-05,Electronics,East,70
2025-10-05,Clothing,East,119
2025-10-05,Home_Decor,East,106
2025-10-05,Perishables,East,58
2025-10-05,Industrial_Parts,East,92
2025-10-05,Electronics,West,102
2025-10-05,Clothing,West,125
2025-10-05,Home_Decor,West,126
2025-10-05,Perishables,West,36
2025-10-05,Industrial_Parts,West,160
2025-10-06,Electronics,North,109
2025-10-06,Clothing,North,131
2025-10-06,Home_Decor,North,111
2025-10-06,Perishables,North,102
2025-10-06,Industrial_Parts,North,142
2025-10-06,Electronics,South,101
2025-10-06,Clothing,South,54
2025-10-06,Home_Decor,South,147
2025-10-06,Perishables,South,154
2025-10-06,Industrial_Parts,South,103
2025-10-06,Electronics,East,98
2025-10-06,Clothing,East,139
2025-10-06,Home_Decor,East,39
2025-10-06,Perishables,East,130
2025-10-06,Industrial_Parts,East,107
2025-10-06,Electronics,West,133
2025-10-06,Clothing,West,47
2025-10-06,Home_Decor,West,94
2025-10-06,Perishables,West,141
2025-10-06,Industrial_Parts,West,120
2025-10-07,Electronics,North,40
2025-10-07,Clothing,North,96
2025-10-07,Home_Decor,North,145
2025-10-07,Perishables,North,132
2025-10-07,Industrial_Parts,North,96
2025-10-07,Electronics,South,102
2025-10-07,Clothing,South,70
2025-10-07,Home_Decor,South,48
2025-10-07,Perishables,South,59
2025-10-07,Industrial_Parts,South,74
2025-10-07,Electronics,East,47
2025-10-07,Clothing,East,106
2025-10-07,Home_Decor,East,41
2025-10-07,Perishables,East,38
2025-10-07,Industrial_Parts,East,79
2025-10-07,Electronics,West,87
2025-10-07,Clothing,West,111
2025-10-07,Home_Decor,West,112
2025-10-07,Perishables,West,73
2025-10-07,Industrial_Parts,West,42
2025-10-08,Electronics,North,129
2025-10-08,Clothing,North,78
2025-10-08,Home_Decor,North,52
2025-10-08,Perishables,North,75
2025-10-08,Industrial_Parts,North,119
2025-10-08,Electronics,South,66
2025-10-08,Clothing,South,105
2025-10-08,Home_Decor,South,42
2025-10-08,Perishables,South,113
2025-10-08,Industrial_Parts,South,79
2025-10-08,Electronics,East,102
2025-10-08,Clothing,East,106
2025-10-08,Home_Decor,East,65
2025-10-08,Perishables,East,56
2025-10-08,Industrial_Parts,East,64
2025-10-08,Electronics,West,29
2025-10-08,Clothing,West,156
2025-10-08,Home_Decor,West,66
2025-10-08,Perishables,West,41
2025-10-08,Industrial_Parts,West,51
2025-10-09,Electronics,North,96
2025-10-09,Clothing,North,86
2025-10-09,Home_Decor,North,53
2025-10-09,Perishables,North,116
2025-10-09,Industrial_Parts,North,146
2025-10-09,Electronics,South,109
2025-10-09,Clothing,South,101
2025-10-09,Home_Decor,South,66
2025-10-09,Perishables,South,34
2025-10-09,Industrial_Parts,South,121
2025-10-09,Electronics,East,37
2025-10-09,Clothing,East,93
2025-10-09,Home_Decor,East,133
2025-10-09,Perishables,East,50
2025-10-09,Industrial_Parts,East,65
2025-10-09,Electronics,West,35
2025-10-09,Clothing,West,54
2025-10-09,Home_Decor,West,117
2025-10-09,Perishables,West,128
2025-10-09,Industrial_Parts,West,54
2025-10-10,Electronics,North,71
2025-10-10,Clothing,North,85
2025-10-10,Home_Decor,North,101
2025-10-10,Perishables,North,79
2025-10-10,Industrial_Parts,North,126
2025-10-10,Electronics,South,107
2025-10-10,Clothing,South,119
2025-10-10,Home_Decor,South,88
2025-10-10,Perishables,South,101
2025-10-10,Industrial_Parts,South,126
2025-10-10,Electronics,East,69
2025-10-10,Clothing,East,90
2025-10-10,Home_Decor,East,71
2025-10-10,Perishables,East,95
2025-10-10,Industrial_Parts,East,106
2025-10-10,Electronics,West,130
2025-10-10,Clothing,West,36
2025-10-10,Home_Decor,West,116
2025-10-10,Perishables,West,55
2025-10-10,Industrial_Parts,West,110
2025-10-11,Electronics,North,49
2025-10-11,Clothing,North,105
2025-10-11,Home_Decor,North,42
2025-10-11,Perishables,North,75
2025-10-11,Industrial_Parts,North,52
2025-10-11,Electronics,South,29
2025-10-11,Clothing,South,78
2025-10-11,Home_Decor,South,103
2025-10-11,Perishables,South,120
2025-10-11,Industrial_Parts,South,84
2025-10-11,Electronics,East,112
2025-10-11,Clothing,East,89
2025-10-11,Home_Decor,East,126
2025-10-11,Perishables,East,145
2025-10-11,Industrial_Parts,East,151
2025-10-11,Electronics,West,57
2025-10-11,Clothing,West,65
2025-10-11,Home_Decor,West,83
2025-10-11,Perishables,West,26
2025-10-11,Industrial_Parts,West,104
2025-10-12,Electronics,North,48
2025-10-12,Clothing,North,66
2025-10-12,Home_Decor,North,32
2025-10-12,Perishables,North,79
2025-10-12,Industrial_Parts,North,100
2025-10-12,Electronics,South,102
2025-10-12,Clothing,South,142
2025-10-12,Home_Decor,South,82
2025-10-12,Perishables,South,133
2025-10-12,Industrial_Parts,South,45
2025-10-12,Electronics,East,106
2025-10-12,Clothing,East,121
2025-10-12,Home_Decor,East,71
2025-10-12,Perishables,East,122
2025-10-12,Industrial_Parts,East,116
2025-10-12,Electronics,West,53
2025-10-12,Clothing,West,72
2025-10-12,Home_Decor,West,45
2025-10-12,Perishables,West,116
2025-10-12,Industrial_Parts,West,106
2025-10-13,Electronics,North,119
2025-10-13,Clothing,North,101
2025-10-13,Home_Decor,North,123
2025-10-13,Perishables,North,79
2025-10-13,Industrial_Parts,North,68
2025-10-13,Electronics,South,134
2025-10-13,Clothing,South,91
2025-10-13,Home_Decor,South,29
2025-10-13,Perishables,South,143
2025-10-13,Industrial_Parts,South,86
2025-10-13,Electronics,East,136
2025-10-13,Clothing,East,78
2025-10-13,Home_Decor,East,25
2025-10-13,Perishables,East,94
2025-10-13,Industrial_Parts,East,135
2025-10-13,Electronics,West,89
2025-10-13,Clothing,West,89
2025-10-13,Home_Decor,West,130
2025-10-13,Perishables,West,116
2025-10-13,Industrial_Parts,West,66
2025-10-14,Electronics,North,115
2025-10-14,Clothing,North,52
2025-10-14,Home_Decor,North,33
2025-10-14,Perishables,North,115
2025-10-14,Industrial_Parts,North,91
2025-10-14,Electronics,South,118
2025-10-14,Clothing,South,113
2025-10-14,Home_Decor,South,135
2025-10-14,Perishables,South,45
2025-10-14,Industrial_Parts,South,128
2025-10-14,Electronics,East,84
2025-10-14,Clothing,East,34
2025-10-14,Home_Decor,East,86
2025-10-14,Perishables,East,92
2025-10-14,Industrial_Parts,East,110
2025-10-14,Electronics,West,33
2025-10-14,Clothing,West,106
2025-10-14,Home_Decor,West,107
2025-10-14,Perishables,West,89
2025-10-14,Industrial_Parts,West,84
2025-10-15,Electronics,North,90
2025-10-15,Clothing,North,57
2025-10-15,Home_Decor,North,109
2025-10-15,Perishables,North,87
2025-10-15,Industrial_Parts,North,104
2025-10-15,Electronics,South,59
2025-10-15,Clothing,South,134
2025-10-15,Home_Decor,South,143
2025-10-15,Perishables,South,96
2025-10-15,Industrial_Parts,South,46
2025-10-15,Electronics,East,100
2025-10-15,Clothing,East,47
2025-10-15,Home_Decor,East,126
2025-10-15,Perishables,East,100
2025-10-15,Industrial_Parts,East,118
2025-10-15,Electronics,West,66
2025-10-15,Clothing,West,135
2025-10-15,Home_Decor,West,105
2025-10-15,Perishables,West,131
2025-10-15,Industrial_Parts,West,60
2025-10-16,Electronics,North,115
2025-10-16,Clothing,North,42
2025-10-16,Home_Decor,North,43
2025-10-16,Perishables,North,93
2025-10-16,Industrial_Parts,North,73
2025-10-16,Electronics,South,30
2025-10-16,Clothing,South,77
2025-10-16,Home_Decor,South,36
2025-10-16,Perishables,South,145
2025-10-16,Industrial_Parts,South,80
2025-10-16,Electronics,East,99
2025-10-16,Clothing,East,73
2025-10-16,Home_Decor,East,114
2025-10-16,Perishables,East,104
2025-10-16,Industrial_Parts,East,118
2025-10-16,Electronics,West,72
2025-10-16,Clothing,West,99
2025-10-16,Home_Decor,West,58
2025-10-16,Perishables,West,149
2025-10-16,Industrial_Parts,West,77
2025-10-17,Electronics,North,118
2025-10-17,Clothing,North,49
2025-10-17,Home_Decor,North,72
2025-10-17,Perishables,North,100
2025-10-17,Industrial_Parts,North,55
2025-10-17,Electronics,South,31
2025-10-17,Clothing,South,68
2025-10-17,Home_Decor,South,65
2025-10-17,Perishables,South,85
2025-10-17,Industrial_Parts,South,108
2025-10-17,Electronics,East,101
2025-10-17,Clothing,East,63
2025-10-17,Home_Decor,East,60
2025-10-17,Perishables,East,75
2025-10-17,Industrial_Parts,East,36
2025-10-17,Electronics,West,54
2025-10-17,Clothing,West,114
2025-10-17,Home_Decor,West,113
2025-10-17,Perishables,West,137
2025-10-17,Industrial_Parts,West,108
2025-10-18,Electronics,North,99
2025-10-18,Clothing,North,61
2025-10-18,Home_Decor,North,98
2025-10-18,Perishables,North,120
2025-10-18,Industrial_Parts,North,89
2025-10-18,Electronics,South,23
2025-10-18,Clothing,South,50
2025-10-18,Home_Decor,South,136
2025-10-18,Perishables,South,64
2025-10-18,Industrial_Parts,South,123
2025-10-18,Electronics,East,31
2025-10-18,Clothing,East,110
2025-10-18,Home_Decor,East,116
2025-10-18,Perishables,East,89
2025-10-18,Industrial_Parts,East,33
2025-10-18,Electronics,West,51
2025-10-18,Clothing,West,146
2025-10-18,Home_Decor,West,121
2025-10-18,Perishables,West,125
2025-10-18,Industrial_Parts,West,120
2025-10-19,Electronics,North,131
2025-10-19,Clothing,North,65
2025-10-19,Home_Decor,North,82
2025-10-19,Perishables,North,141
2025-10-19,Industrial_Parts,North,60
2025-10-19,Electronics,South,95
2025-10-19,Clothing,South,145
2025-10-19,Home_Decor,South,110
2025-10-19,Perishables,South,96
2025-10-19,Industrial_Parts,South,78
2025-10-19,Electronics,East,101
2025-10-19,Clothing,East,76
2025-10-19,Home_Decor,East,105
2025-10-19,Perishables,East,58
2025-10-19,Industrial_Parts,East,121
2025-10-19,Electronics,West,66
2025-10-19,Clothing,West,45
2025-10-19,Home_Decor,West,122
2025-10-19,Perishables,West,124
2025-10-19,Industrial_Parts,West,96
2025-10-20,Electronics,North,113
2025-10-20,Clothing,North,118
2025-10-20,Home_Decor,North,73
2025-10-20,Perishables,North,133
2025-10-20,Industrial_Parts,North,66
2025-10-20,Electronics,South,88
2025-10-20,Clothing,South,82
2025-10-20,Home_Decor,South,66
2025-10-20,Perishables,South,39
2025-10-20,Industrial_Parts,South,55
2025-10-20,Electronics,East,84
2025-10-20,Clothing,East,130
2025-10-20,Home_Decor,East,86
2025-10-20,Perishables,East,46
2025-10-20,Industrial_Parts,East,104
2025-10-20,Electronics,West,117
2025-10-20,Clothing,West,71
2025-10-20,Home_Decor,West,58
2025-10-20,Perishables,West,85
2025-10-20,Industrial_Parts,West,102
2025-10-21,Electronics,North,65
2025-10-21,Clothing,North,84
2025-10-21,Home_Decor,North,42
2025-10-21,Perishables,North,100
2025-10-21,Industrial_Parts,North,46
2025-10-21,Electronics,South,66
2025-10-21,Clothing,South,56
2025-10-21,Home_Decor,South,41
2025-10-21,Perishables,South,107
2025-10-21,Industrial_Parts,South,73
2025-10-21,Electronics,East,44
2025-10-21,Clothing,East,91
2025-10-21,Home_Decor,East,134
2025-10-21,Perishables,East,85
2025-10-21,Industrial_Parts,East,80
2025-10-21,Electronics,West,116
2025-10-21,Clothing,West,70
2025-10-21,Home_Decor,West,101
2025-10-21,Perishables,West,151
2025-10-21,Industrial_Parts,West,67
2025-10-22,Electronics,North,85
2025-10-22,Clothing,North,76
2025-10-22,Home_Decor,North,97
2025-10-22,Perishables,North,43
2025-10-22,Industrial_Parts,North,111
2025-10-22,Electronics,South,147
2025-10-22,Clothing,South,150
2025-10-22,Home_Decor,South,51
2025-10-22,Perishables,South,95
2025-10-22,Industrial_Parts,South,64
2025-10-22,Electronics,East,135
2025-10-22,Clothing,East,128
2025-10-22,Home_Decor,East,81
2025-10-22,Perishables,East,115
2025-10-22,Industrial_Parts,East,99
2025-10-22,Electronics,West,100
2025-10-22,Clothing,West,103
2025-10-22,Home_Decor,West,107
2025-10-22,Perishables,West,73
2025-10-22,Industrial_Parts,West,110
2025-10-23,Electronics,North,126
2025-10-23,Clothing,North,72
2025-10-23,Home_Decor,North,60
2025-10-23,Perishables,North,77
2025-10-23,Industrial_Parts,North,87
2025-10-23,Electronics,South,49
2025-10-23,Clothing,South,145
2025-10-23,Home_Decor,South,123
2025-10-23,Perishables,South,102
2025-10-23,Industrial_Parts,South,45
2025-10-23,Electronics,East,66
2025-10-23,Clothing,East,63
2025-10-23,Home_Decor,East,60
2025-10-23,Perishables,East,91
2025-10-23,Industrial_Parts,East,28
2025-10-23,Electronics,West,127
2025-10-23,Clothing,West,54
2025-10-23,Home_Decor,West,121
2025-10-23,Perishables,West,80
2025-10-23,Industrial_Parts,West,96
2025-10-24,Electronics,North,125
2025-10-24,Clothing,North,91
2025-10-24,Home_Decor,North,107
2025-10-24,Perishables,North,126
2025-10-24,Industrial_Parts,North,134
2025-10-24,Electronics,South,128
2025-10-24,Clothing,South,58
2025-10-24,Home_Decor,South,95
2025-10-24,Perishables,South,82
2025-10-24,Industrial_Parts,South,116
2025-10-24,Electronics,East,42
2025-10-24,Clothing,East,129
2025-10-24,Home_Decor,East,73
2025-10-24,Perishables,East,73
2025-10-24,Industrial_Parts,East,50
2025-10-24,Electronics,West,62
2025-10-24,Clothing,West,49
2025-10-24,Home_Decor,West,104
2025-10-24,Perishables,West,60
2025-10-24,Industrial_Parts,West,71
2025-10-25,Electronics,North,50
2025-10-25,Clothing,North,104
2025-10-25,Home_Decor,North,77
2025-10-25,Perishables,North,84
2025-10-25,Industrial_Parts,North,36
2025-10-25,Electronics,South,121
2025-10-25,Clothing,South,56
2025-10-25,Home_Decor,South,66
2025-10-25,Perishables,South,60
2025-10-25,Industrial_Parts,South,129
2025-10-25,Electronics,East,120
2025-10-25,Clothing,East,80
2025-10-25,Home_Decor,East,96
2025-10-25,Perishables,East,118
2025-10-25,Industrial_Parts,East,84
2025-10-25,Electronics,West,140
2025-10-25,Clothing,West,91
2025-10-25,Home_Decor,West,87
2025-10-25,Perishables,West,66
2025-10-25,Industrial_Parts,West,91
2025-10-26,Electronics,North,90
2025-10-26,Clothing,North,119
2025-10-26,Home_Decor,North,54
2025-10-26,Perishables,North,30
2025-10-26,Industrial_Parts,North,99
2025-10-26,Electronics,South,64
2025-10-26,Clothing,South,126
2025-10-26,Home_Decor,South,41
2025-10-26,Perishables,South,135
2025-10-26,Industrial_Parts,South,130
2025-10-26,Electronics,East,125
2025-10-26,Clothing,East,73
2025-10-26,Home_Decor,East,69
2025-10-26,Perishables,East,70
2025-10-26,Industrial_Parts,East,118
2025-10-26,Electronics,West,45
2025-10-26,Clothing,West,111
2025-10-26,Home_Decor,West,115
2025-10-26,Perishables,West,43
2025-10-26,Industrial_Parts,West,71
2025-10-27,Electronics,North,38
2025-10-27,Clothing,North,117
2025-10-27,Home_Decor,North,94
2025-10-27,Perishables,North,56
2025-10-27,Industrial_Parts,North,47
2025-10-27,Electronics,South,125
2025-10-27,Clothing,South,100
2025-10-27,Home_Decor,South,49
2025-10-27,Perishables,South,98
2025-10-27,Industrial_Parts,South,64
2025-10-27,Electronics,East,108
2025-10-27,Clothing,East,96
2025-10-27,Home_Decor,East,69
2025-10-27,Perishables,East,98
2025-10-27,Industrial_Parts,East,140
2025-10-27,Electronics,West,129
2025-10-27,Clothing,West,130
2025-10-27,Home_Decor,West,85
2025-10-27,Perishables,West,77
2025-10-27,Industrial_Parts,West,53
2025-10-28,Electronics,North,71
2025-10-28,Clothing,North,42
2025-10-28,Home_Decor,North,75
2025-10-28,Perishables,North,56
2025-10-28,Industrial_Parts,North,53
2025-10-28,Electronics,South,43
2025-10-28,Clothing,South,80
2025-10-28,Home_Decor,South,61
2025-10-28,Perishables,South,102
2025-10-28,Industrial_Parts,South,36
2025-10-28,Electronics,East,132
2025-10-28,Clothing,East,76
2025-10-28,Home_Decor,East,131
2025-10-28,Perishables,East,69
2025-10-28,Industrial_Parts,East,104
2025-10-28,Electronics,West,123
2025-10-28,Clothing,West,26
2025-10-28,Home_Decor,West,65
2025-10-28,Perishables,West,116
2025-10-28,Industrial_Parts,West,68
2025-10-29,Electronics,North,54
2025-10-29,Clothing,North,131
2025-10-29,Home_Decor,North,67
2025-10-29,Perishables,North,58
2025-10-29,Industrial_Parts,North,88
2025-10-29,Electronics,South,40
2025-10-29,Clothing,South,40
2025-10-29,Home_Decor,South,97
2025-10-29,Perishables,South,65
2025-10-29,Industrial_Parts,South,64
2025-10-29,Electronics,East,124
2025-10-29,Clothing,East,125
2025-10-29,Home_Decor,East,97
2025-10-29,Perishables,East,65
2025-10-29,Industrial_Parts,East,88
2025-10-29,Electronics,West,49
2025-10-29,Clothing,West,49
2025-10-29,Home_Decor,West,128
2025-10-29,Perishables,West,89
2025-10-29,Industrial_Parts,West,115
2025-10-30,Electronics,North,113
2025-10-30,Clothing,North,68
2025-10-30,Home_Decor,North,37
2025-10-30,Perishables,North,82
2025-10-30,Industrial_Parts,North,73
2025-10-30,Electronics,South,70
2025-10-30,Clothing,South,130
2025-10-30,Home_Decor,South,62
2025-10-30,Perishables,South,30
2025-10-30,Industrial_Parts,South,42
2025-10-30,Electronics,East,93
2025-10-30,Clothing,East,109
2025-10-30,Home_Decor,East,120
2025-10-30,Perishables,East,40
2025-10-30,Industrial_Parts,East,48
2025-10-30,Electronics,West,75
2025-10-30,Clothing,West,35
2025-10-30,Home_Decor,West,38
2025-10-30,Perishables,West,127
2025-10-30,Industrial_Parts,West,98
2025-10-31,Electronics,North,49
2025-10-31,Clothing,North,96
2025-10-31,Home_Decor,North,81
2025-10-31,Perishables,North,66
2025-10-31,Industrial_Parts,North,101
2025-10-31,Electronics,South,87
2025-10-31,Clothing,South,129
2025-10-31,Home_Decor,South,123
2025-10-31,Perishables,South,122
2025-10-31,Industrial_Parts,South,127
2025-10-31,Electronics,East,132
2025-10-31,Clothing,East,33
2025-10-31,Home_Decor,East,28
2025-10-31,Perishables,East,95
2025-10-31,Industrial_Parts,East,61
2025-10-31,Electronics,West,110
2025-10-31,Clothing,West,130
2025-10-31,Home_Decor,West,108
2025-10-31,Perishables,West,133
2025-10-31,Industrial_Parts,West,39
2025-11-01,Electronics,North,71
2025-11-01,Clothing,North,88
2025-11-01,Home_Decor,North,74
2025-11-01,Perishables,North,101
2025-11-01,Industrial_Parts,North,129
2025-11-01,Electronics,South,78
2025-11-01,Clothing,South,145
2025-11-01,Home_Decor,South,95
2025-11-01,Perishables,South,71
2025-11-01,Industrial_Parts,South,85
2025-11-01,Electronics,East,115
2025-11-01,Clothing,East,134
2025-11-01,Home_Decor,East,112
2025-11-01,Perishables,East,133
2025-11-01,Industrial_Parts,East,138
2025-11-01,Electronics,West,65
2025-11-01,Clothing,West,118
2025-11-01,Home_Decor,West,52
2025-11-01,Perishables,West,54
2025-11-01,Industrial_Parts,West,120
2025-11-02,Electronics,North,100
2025-11-02,Clothing,North,50
2025-11-02,Home_Decor,North,46
2025-11-02,Perishables,North,55
2025-11-02,Industrial_Parts,North,37
2025-11-02,Electronics,South,120
2025-11-02,Clothing,South,25
2025-11-02,Home_Decor,South,25
2025-11-02,Perishables,South,54
2025-11-02,Industrial_Parts,South,28
2025-11-02,Electronics,East,87
2025-11-02,Clothing,East,130
2025-11-02,Home_Decor,East,93
2025-11-02,Perishables,East,57
2025-11-02,Industrial_Parts,East,70
2025-11-02,Electronics,West,73
2025-11-02,Clothing,West,44
2025-11-02,Home_Decor,West,50
2025-11-02,Perishables,West,61
2025-11-02,Industrial_Parts,West,69
2025-11-03,Electronics,North,80
2025-11-03,Clothing,North,75
2025-11-03,Home_Decor,North,104
2025-11-03,Perishables,North,33
2025-11-03,Industrial_Parts,North,43
2025-11-03,Electronics,South,90
2025-11-03,Clothing,South,58
2025-11-03,Home_Decor,South,124
2025-11-03,Perishables,South,88
2025-11-03,Industrial_Parts,South,23
2025-11-03,Electronics,East,36
2025-11-03,Clothing,East,99
2025-11-03,Home_Decor,East,106
2025-11-03,Perishables,East,81
2025-11-03,Industrial_Parts,East,75
2025-11-03,Electronics,West,70
2025-11-03,Clothing,West,36
2025-11-03,Home_Decor,West,88
2025-11-03,Perishables,West,67
2025-11-03,Industrial_Parts,West,127
2025-11-04,Electronics,North,146
2025-11-04,Clothing,North,107
2025-11-04,Home_Decor,North,129
2025-11-04,Perishables,North,112
2025-11-04,Industrial_Parts,North,137
2025-11-04,Electronics,South,64
2025-11-04,Clothing,South,86
2025-11-04,Home_Decor,South,109
2025-11-04,Perishables,South,73
2025-11-04,Industrial_Parts,South,48
2025-11-04,Electronics,East,40
2025-11-04,Clothing,East,100
2025-11-04,Home_Decor,East,136
2025-11-04,Perishables,East,80
2025-11-04,Industrial_Parts,East,139
2025-11-04,Electronics,West,101
2025-11-04,Clothing,West,100
2025-11-04,Home_Decor,West,113
2025-11-04,Perishables,West,72
2025-11-04,Industrial_Parts,West,93
2025-11-05,Electronics,North,93
2025-11-05,Clothing,North,62
2025-11-05,Home_Decor,North,98
2025-11-05,Perishables,North,53
2025-11-05,Industrial_Parts,North,43
2025-11-05,Electronics,South,72
2025-11-05,Clothing,South,97
2025-11-05,Home_Decor,South,39
2025-11-05,Perishables,South,58
2025-11-05,Industrial_Parts,South,86
2025-11-05,Electronics,East,123
2025-11-05,Clothing,East,31
2025-11-05,Home_Decor,East,64
2025-11-05,Perishables,East,107
2025-11-05,Industrial_Parts,East,78
2025-11-05,Electronics,West,57
2025-11-05,Clothing,West,40
2025-11-05,Home_Decor,West,101
2025-11-05,Perishables,West,51
2025-11-05,Industrial_Parts,West,60
2025-11-06,Electronics,North,112
2025-11-06,Clothing,North,90
2025-11-06,Home_Decor,North,79
2025-11-06,Perishables,North,148
2025-11-06,Industrial_Parts,North,103
2025-11-06,Electronics,South,95
2025-11-06,Clothing,South,127
2025-11-06,Home_Decor,South,116
2025-11-06,Perishables,South,91
2025-11-06,Industrial_Parts,South,120
2025-11-06,Electronics,East,123
2025-11-06,Clothing,East,135
2025-11-06,Home_Decor,East,132
2025-11-06,Perishables,East,113
2025-11-06,Industrial_Parts,East,101
2025-11-06,Electronics,West,100
2025-11-06,Clothing,West,128
2025-11-06,Home_Decor,West,127
2025-11-06,Perishables,West,50
2025-11-06,Industrial_Parts,West,84
2025-11-07,Electronics,North,116
2025-11-07,Clothing,North,154
2025-11-07,Home_Decor,North,103
2025-11-07,Perishables,North,55
2025-11-07,Industrial_Parts,North,87
2025-11-07,Electronics,South,140
2025-11-07,Clothing,South,128
2025-11-07,Home_Decor,South,116
2025-11-07,Perishables,South,136
2025-11-07,Industrial_Parts,South,70
2025-11-07,Electronics,East,99
2025-11-07,Clothing,East,27
2025-11-07,Home_Decor,East,112
2025-11-07,Perishables,East,115
2025-11-07,Industrial_Parts,East,95
2025-11-07,Electronics,West,88
2025-11-07,Clothing,West,95
2025-11-07,Home_Decor,West,57
2025-11-07,Perishables,West,35
2025-11-07,Industrial_Parts,West,135
2025-11-08,Electronics,North,53
2025-11-08,Clothing,North,142
2025-11-08,Home_Decor,North,61
2025-11-08,Perishables,North,127
2025-11-08,Industrial_Parts,North,119
2025-11-08,Electronics,South,52
2025-11-08,Clothing,South,56
2025-11-08,Home_Decor,South,94
2025-11-08,Perishables,South,114
2025-11-08,Industrial_Parts,South,149
2025-11-08,Electronics,East,73
2025-11-08,Clothing,East,40
2025-11-08,Home_Decor,East,101
2025-11-08,Perishables,East,116
2025-11-08,Industrial_Parts,East,72
2025-11-08,Electronics,West,62
2025-11-08,Clothing,West,101
2025-11-08,Home_Decor,West,95
2025-11-08,Perishables,West,120
2025-11-08,Industrial_Parts,West,120
2025-11-09,Electronics,North,38
2025-11-09,Clothing,North,113
2025-11-09,Home_Decor,North,124
2025-11-09,Perishables,North,57
2025-11-09,Industrial_Parts,North,80
2025-11-09,Electronics,South,101
2025-11-09,Clothing,South,30
2025-11-09,Home_Decor,South,128
2025-11-09,Perishables,South,109
2025-11-09,Industrial_Parts,South,68
2025-11-09,Electronics,East,99
2025-11-09,Clothing,East,81
2025-11-09,Home_Decor,East,108
2025-11-09,Perishables,East,96
2025-11-09,Industrial_Parts,East,76
2025-11-09,Electronics,West,115
2025-11-09,Clothing,West,84
2025-11-09,Home_Decor,West,114
2025-11-09,Perishables,West,85
2025-11-09,Industrial_Parts,West,110
2025-11-10,Electronics,North,37
2025-11-10,Clothing,North,77
2025-11-10,Home_Decor,North,61
2025-11-10,Perishables,North,142
2025-11-10,Industrial_Parts,North,139
2025-11-10,Electronics,South,116
2025-11-10,Clothing,South,77
2025-11-10,Home_Decor,South,25
2025-11-10,Perishables,South,135
2025-11-10,Industrial_Parts,South,91
2025-11-10,Electronics,East,120
2025-11-10,Clothing,East,108
2025-11-10,Home_Decor,East,100
2025-11-10,Perishables,East,61
2025-11-10,Industrial_Parts,East,49
2025-11-10,Electronics,West,77
2025-11-10,Clothing,West,46
2025-11-10,Home_Decor,West,81
2025-11-10,Perishables,West,40
2025-11-10,Industrial_Parts,West,61
2025-11-11,Electronics,North,58
2025-11-11,Clothing,North,139
2025-11-11,Home_Decor,North,99
2025-11-11,Perishables,North,84
2025-11-11,Industrial_Parts,North,144
2025-11-11,Electronics,South,78
2025-11-11,Clothing,South,60
2025-11-11,Home_Decor,South,68
2025-11-11,Perishables,South,77
2025-11-11,Industrial_Parts,South,112
2025-11-11,Electronics,East,48
2025-11-11,Clothing,East,74
2025-11-11,Home_Decor,East,75
2025-11-11,Perishables,East,124
2025-11-11,Industrial_Parts,East,63
2025-11-11,Electronics,West,57
2025-11-11,Clothing,West,119
2025-11-11,Home_Decor,West,92
2025-11-11,Perishables,West,97
2025-11-11,Industrial_Parts,West,130
2025-11-12,Electronics,North,130
2025-11-12,Clothing,North,108
2025-11-12,Home_Decor,North,122
2025-11-12,Perishables,North,77
2025-11-12,Industrial_Parts,North,116
2025-11-12,Electronics,South,54
2025-11-12,Clothing,South,67
2025-11-12,Home_Decor,South,80
2025-11-12,Perishables,South,110
2025-11-12,Industrial_Parts,South,124
2025-11-12,Electronics,East,127
2025-11-12,Clothing,East,61
2025-11-12,Home_Decor,East,95
2025-11-12,Perishables,East,60
2025-11-12,Industrial_Parts,East,142
2025-11-12,Electronics,West,101
2025-11-12,Clothing,West,108
2025-11-12,Home_Decor,West,97
2025-11-12,Perishables,West,87
2025-11-12,Industrial_Parts,West,43
2025-11-13,Electronics,North,120
2025-11-13,Clothing,North,48
2025-11-13,Home_Decor,North,116
2025-11-13,Perishables,North,42
2025-11-13,Industrial_Parts,North,78
2025-11-13,Electronics,South,26
2025-11-13,Clothing,South,79
2025-11-13,Home_Decor,South,138
2025-11-13,Perishables,South,70
2025-11-13,Industrial_Parts,South,102
2025-11-13,Electronics,East,27
2025-11-13,Clothing,East,117
2025-11-13,Home_Decor,East,90
2025-11-13,Perishables,East,34
2025-11-13,Industrial_Parts,East,72
2025-11-13,Electronics,West,68
2025-11-13,Clothing,West,133
2025-11-13,Home_Decor,West,104
2025-11-13,Perishables,West,74
2025-11-13,Industrial_Parts,West,30
2025-11-14,Electronics,North,39
2025-11-14,Clothing,North,93
2025-11-14,Home_Decor,North,48
2025-11-14,Perishables,North,108
2025-11-14,Industrial_Parts,North,99
2025-11-14,Electronics,South,45
2025-11-14,Clothing,South,95
2025-11-14,Home_Decor,South,63
2025-11-14,Perishables,South,38
2025-11-14,Industrial_Parts,South,51
2025-11-14,Electronics,East,141
2025-11-14,Clothing,East,32
2025-11-14,Home_Decor,East,145
2025-11-14,Perishables,East,51
2025-11-14,Industrial_Parts,East,114
2025-11-14,Electronics,West,88
2025-11-14,Clothing,West,81
2025-11-14,Home_Decor,West,68
2025-11-14,Perishables,West,108
2025-11-14,Industrial_Parts,West,114
2025-11-15,Electronics,North,86
2025-11-15,Clothing,North,134
2025-11-15,Home_Decor,North,82
2025-11-15,Perishables,North,49
2025-11-15,Industrial_Parts,North,116
2025-11-15,Electronics,South,105
2025-11-15,Clothing,South,22
2025-11-15,Home_Decor,South,136
2025-11-15,Perishables,South,136
2025-11-15,Industrial_Parts,South,137
2025-11-15,Electronics,East,108
2025-11-15,Clothing,East,58
2025-11-15,Home_Decor,East,67
2025-11-15,Perishables,East,99
2025-11-15,Industrial_Parts,East,67
2025-11-15,Electronics,West,111
2025-11-15,Clothing,West,63
2025-11-15,Home_Decor,West,91
2025-11-15,Perishables,West,108
2025-11-15,Industrial_Parts,West,40
2025-11-16,Electronics,North,101
2025-11-16,Clothing,North,126
2025-11-16,Home_Decor,North,30
2025-11-16,Perishables,North,77
2025-11-16,Industrial_Parts,North,146
2025-11-16,Electronics,South,132
2025-11-16,Clothing,South,21
2025-11-16,Home_Decor,South,73
2025-11-16,Perishables,South,118
2025-11-16,Industrial_Parts,South,91
2025-11-16,Electronics,East,48
2025-11-16,Clothing,East,124
2025-11-16,Home_Decor,East,77
2025-11-16,Perishables,East,51
2025-11-16,Industrial_Parts,East,114
2025-11-16,Electronics,West,64
2025-11-16,Clothing,West,144
2025-11-16,Home_Decor,West,49
2025-11-16,Perishables,West,145
2025-11-16,Industrial_Parts,West,131
2025-11-17,Electronics,North,81
2025-11-17,Clothing,North,133
2025-11-17,Home_Decor,North,52
2025-11-17,Perishables,North,91
2025-11-17,Industrial_Parts,North,83
2025-11-17,Electronics,South,99
2025-11-17,Clothing,South,81
2025-11-17,Home_Decor,South,69
2025-11-17,Perishables,South,50
2025-11-17,Industrial_Parts,South,71
2025-11-17,Electronics,East,37
2025-11-17,Clothing,East,98
2025-11-17,Home_Decor,East,148
2025-11-17,Perishables,East,155
2025-11-17,Industrial_Parts,East,49
2025-11-17,Electronics,West,94
2025-11-17,Clothing,West,69
2025-11-17,Home_Decor,West,141
2025-11-17,Perishables,West,48
2025-11-17,Industrial_Parts,West,123
2025-11-18,Electronics,North,53
2025-11-18,Clothing,North,65
2025-11-18,Home_Decor,North,89
2025-11-18,Perishables,North,57
2025-11-18,Industrial_Parts,North,114
2025-11-18,Electronics,South,115
2025-11-18,Clothing,South,81
2025-11-18,Home_Decor,South,62
2025-11-18,Perishables,South,55
2025-11-18,Industrial_Parts,South,75
2025-11-18,Electronics,East,64
2025-11-18,Clothing,East,133
2025-11-18,Home_Decor,East,130
2025-11-18,Perishables,East,113
2025-11-18,Industrial_Parts,East,59
2025-11-18,Electronics,West,109
2025-11-18,Clothing,West,117
2025-11-18,Home_Decor,West,114
2025-11-18,Perishables,West,112
2025-11-18,Industrial_Parts,West,43
2025-11-19,Electronics,North,112
2025-11-19,Clothing,North,85
2025-11-19,Home_Decor,North,59
2025-11-19,Perishables,North,84
2025-11-19,Industrial_Parts,North,90
2025-11-19,Electronics,South,63
2025-11-19,Clothing,South,127
2025-11-19,Home_Decor,South,108
2025-11-19,Perishables,South,94
2025-11-19,Industrial_Parts,South,94
2025-11-19,Electronics,East,41
2025-11-19,Clothing,East,118
2025-11-19,Home_Decor,East,63
2025-11-19,Perishables,East,68
2025-11-19,Industrial_Parts,East,42
2025-11-19,Electronics,West,39
2025-11-19,Clothing,West,46
2025-11-19,Home_Decor,West,65
2025-11-19,Perishables,West,99
2025-11-19,Industrial_Parts,West,88
2025-11-20,Electronics,North,137
2025-11-20,Clothing,North,97
2025-11-20,Home_Decor,North,115
2025-11-20,Perishables,North,61
2025-11-20,Industrial_Parts,North,86
2025-11-20,Electronics,South,116
2025-11-20,Clothing,South,63
2025-11-20,Home_Decor,South,89
2025-11-20,Perishables,South,55
2025-11-20,Industrial_Parts,South,107
2025-11-20,Electronics,East,121
2025-11-20,Clothing,East,113
2025-11-20,Home_Decor,East,56
2025-11-20,Perishables,East,50
2025-11-20,Industrial_Parts,East,80
2025-11-20,Electronics,West,138
2025-11-20,Clothing,West,116
2025-11-20,Home_Decor,West,106
2025-11-20,Perishables,West,81
2025-11-20,Industrial_Parts,West,75
2025-11-21,Electronics,North,103
2025-11-21,Clothing,North,41
2025-11-21,Home_Decor,North,92
2025-11-21,Perishables,North,71
2025-11-21,Industrial_Parts,North,69
2025-11-21,Electronics,South,29
2025-11-21,Clothing,South,129
2025-11-21,Home_Decor,South,70
2025-11-21,Perishables,South,61
2025-11-21,Industrial_Parts,South,107
2025-11-21,Electronics,East,131
2025-11-21,Clothing,East,111
2025-11-21,Home_Decor,East,61
2025-11-21,Perishables,East,90
2025-11-21,Industrial_Parts,East,25
2025-11-21,Electronics,West,60
2025-11-21,Clothing,West,92
2025-11-21,Home_Decor,West,78
2025-11-21,Perishables,West,33
2025-11-21,Industrial_Parts,West,57
2025-11-22,Electronics,North,71
2025-11-22,Clothing,North,53
2025-11-22,Home_Decor,North,82
2025-11-22,Perishables,North,124
2025-11-22,Industrial_Parts,North,50
2025-11-22,Electronics,South,35
2025-11-22,Clothing,South,71
2025-11-22,Home_Decor,South,76
2025-11-22,Perishables,South,88
2025-11-22,Industrial_Parts,South,88
2025-11-22,Electronics,East,37
2025-11-22,Clothing,East,50
2025-11-22,Home_Decor,East,55
2025-11-22,Perishables,East,140
2025-11-22,Industrial_Parts,East,43
2025-11-22,Electronics,West,77
2025-11-22,Clothing,West,52
2025-11-22,Home_Decor,West,112
2025-11-22,Perishables,West,91
2025-11-22,Industrial_Parts,West,128
2025-11-23,Electronics,North,51
2025-11-23,Clothing,North,62
2025-11-23,Home_Decor,North,89
2025-11-23,Perishables,North,116
2025-11-23,Industrial_Parts,North,125
2025-11-23,Electronics,South,119
2025-11-23,Clothing,South,116
2025-11-23,Home_Decor,South,92
2025-11-23,Perishables,South,154
2025-11-23,Industrial_Parts,South,106
2025-11-23,Electronics,East,63
2025-11-23,Clothing,East,136
2025-11-23,Home_Decor,East,115
2025-11-23,Perishables,East,42
2025-11-23,Industrial_Parts,East,47
2025-11-23,Electronics,West,104
2025-11-23,Clothing,West,32
2025-11-23,Home_Decor,West,56
2025-11-23,Perishables,West,123
2025-11-23,Industrial_Parts,West,92
2025-11-24,Electronics,North,118
2025-11-24,Clothing,North,88
2025-11-24,Home_Decor,North,49
2025-11-24,Perishables,North,166
2025-11-24,Industrial_Parts,North,39
2025-11-24,Electronics,South,96
2025-11-24,Clothing,South,59
2025-11-24,Home_Decor,South,60
2025-11-24,Perishables,South,61
2025-11-24,Industrial_Parts,South,70
2025-11-24,Electronics,East,73
2025-11-24,Clothing,East,94
2025-11-24,Home_Decor,East,32
2025-11-24,Perishables,East,128
2025-11-24,Industrial_Parts,East,113
2025-11-24,Electronics,West,88
2025-11-24,Clothing,West,75
2025-11-24,Home_Decor,West,129
2025-11-24,Perishables,West,109
2025-11-24,Industrial_Parts,West,123
2025-11-25,Electronics,North,84
2025-11-25,Clothing,North,41
2025-11-25,Home_Decor,North,57
2025-11-25,Perishables,North,123
2025-11-25,Industrial_Parts,North,127
2025-11-25,Electronics,South,39
2025-11-25,Clothing,South,77
2025-11-25,Home_Decor,South,111
2025-11-25,Perishables,South,118
2025-11-25,Industrial_Parts,South,127
2025-11-25,Electronics,East,126
2025-11-25,Clothing,East,97
2025-11-25,Home_Decor,East,44
2025-11-25,Perishables,East,65
2025-11-25,Industrial_Parts,East,119
2025-11-25,Electronics,West,146
2025-11-25,Clothing,West,73
2025-11-25,Home_Decor,West,116
2025-11-25,Perishables,West,50
2025-11-25,Industrial_Parts,West,102
2025-11-26,Electronics,North,124
2025-11-26,Clothing,North,124
2025-11-26,Home_Decor,North,117
2025-11-26,Perishables,North,106
2025-11-26,Industrial_Parts,North,68
2025-11-26,Electronics,South,46
2025-11-26,Clothing,South,149
2025-11-26,Home_Decor,South,65
2025-11-26,Perishables,South,102
2025-11-26,Industrial_Parts,South,117
2025-11-26,Electronics,East,130
2025-11-26,Clothing,East,134
2025-11-26,Home_Decor,East,63
2025-11-26,Perishables,East,52
2025-11-26,Industrial_Parts,East,144
2025-11-26,Electronics,West,59
2025-11-26,Clothing,West,99
2025-11-26,Home_Decor,West,87
2025-11-26,Perishables,West,86
2025-11-26,Industrial_Parts,West,127
2025-11-27,Electronics,North,92
2025-11-27,Clothing,North,138
2025-11-27,Home_Decor,North,143
2025-11-27,Perishables,North,113
2025-11-27,Industrial_Parts,North,110
2025-11-27,Electronics,South,131
2025-11-27,Clothing,South,112
2025-11-27,Home_Decor,South,62
2025-11-27,Perishables,South,124
2025-11-27,Industrial_Parts,South,45
2025-11-27,Electronics,East,68
2025-11-27,Clothing,East,73
2025-11-27,Home_Decor,East,74
2025-11-27,Perishables,East,81
2025-11-27,Industrial_Parts,East,100
2025-11-27,Electronics,West,98
2025-11-27,Clothing,West,48
2025-11-27,Home_Decor,West,104
2025-11-27,Perishables,West,136
2025-11-27,Industrial_Parts,West,52
2025-11-28,Electronics,North,124
2025-11-28,Clothing,North,150
2025-11-28,Home_Decor,North,95
2025-11-28,Perishables,North,59
2025-11-28,Industrial_Parts,North,113
2025-11-28,Electronics,South,141
2025-11-28,Clothing,South,93
2025-11-28,Home_Decor,South,96
2025-11-28,Perishables,South,127
2025-11-28,Industrial_Parts,South,56
2025-11-28,Electronics,East,108
2025-11-28,Clothing,East,74
2025-11-28,Home_Decor,East,111
2025-11-28,Perishables,East,141
2025-11-28,Industrial_Parts,East,116
2025-11-28,Electronics,West,49
2025-11-28,Clothing,West,146
2025-11-28,Home_Decor,West,131
2025-11-28,Perishables,West,136
2025-11-28,Industrial_Parts,West,85
2025-11-29,Electronics,North,138
2025-11-29,Clothing,North,99
2025-11-29,Home_Decor,North,128
2025-11-29,Perishables,North,84
2025-11-29,Industrial_Parts,North,118
2025-11-29,Electronics,South,78
2025-11-29,Clothing,South,157
2025-11-29,Home_Decor,South,127
2025-11-29,Perishables,South,41
2025-11-29,Industrial_Parts,South,83
2025-11-29,Electronics,East,67
2025-11-29,Clothing,East,57
2025-11-29,Home_Decor,East,92
2025-11-29,Perishables,East,52
2025-11-29,Industrial_Parts,East,92
2025-11-29,Electronics,West,98
2025-11-29,Clothing,West,30
2025-11-29,Home_Decor,West,135
2025-11-29,Perishables,West,108
2025-11-29,Industrial_Parts,West,44
2025-11-30,Electronics,North,115
2025-11-30,Clothing,North,101
2025-11-30,Home_Decor,North,94
2025-11-30,Perishables,North,70
2025-11-30,Industrial_Parts,North,50
2025-11-30,Electronics,South,119
2025-11-30,Clothing,South,119
2025-11-30,Home_Decor,South,116
2025-11-30,Perishables,South,123
2025-11-30,Industrial_Parts,South,78
2025-11-30,Electronics,East,45
2025-11-30,Clothing,East,85
2025-11-30,Home_Decor,East,83
2025-11-30,Perishables,East,103
2025-11-30,Industrial_Parts,East,150
2025-11-30,Electronics,West,83
2025-11-30,Clothing,West,104
2025-11-30,Home_Decor,West,48
2025-11-30,Perishables,West,64
2025-11-30,Industrial_Parts,West,126
2025-12-01,Electronics,North,62
2025-12-01,Clothing,North,145
2025-12-01,Home_Decor,North,103
2025-12-01,Perishables,North,104
2025-12-01,Industrial_Parts,North,149
2025-12-01,Electronics,South,118
2025-12-01,Clothing,South,113
2025-12-01,Home_Decor,South,22
2025-12-01,Perishables,South,139
2025-12-01,Industrial_Parts,South,137
2025-12-01,Electronics,East,135
2025-12-01,Clothing,East,97
2025-12-01,Home_Decor,East,73
2025-12-01,Perishables,East,37
2025-12-01,Industrial_Parts,East,131
2025-12-01,Electronics,West,38
2025-12-01,Clothing,West,103
2025-12-01,Home_Decor,West,136
2025-12-01,Perishables,West,84
2025-12-01,Industrial_Parts,West,137
2025-12-02,Electronics,North,88
2025-12-02,Clothing,North,72
2025-12-02,Home_Decor,North,60
2025-12-02,Perishables,North,69
2025-12-02,Industrial_Parts,North,117
2025-12-02,Electronics,South,150
2025-12-02,Clothing,South,35
2025-12-02,Home_Decor,South,99
2025-12-02,Perishables,South,86
2025-12-02,Industrial_Parts,South,85
2025-12-02,Electronics,East,54
2025-12-02,Clothing,East,111
2025-12-02,Home_Decor,East,110
2025-12-02,Perishables,East,65
2025-12-02,Industrial_Parts,East,40
2025-12-02,Electronics,West,86
2025-12-02,Clothing,West,71
2025-12-02,Home_Decor,West,63
2025-12-02,Perishables,West,158
2025-12-02,Industrial_Parts,West,101
2025-12-03,Electronics,North,48
2025-12-03,Clothing,North,123
2025-12-03,Home_Decor,North,124
2025-12-03,Perishables,North,119
2025-12-03,Industrial_Parts,North,54
2025-12-03,Electronics,South,82
2025-12-03,Clothing,South,69
2025-12-03,Home_Decor,South,29
2025-12-03,Perishables,South,74
2025-12-03,Industrial_Parts,South,94
2025-12-03,Electronics,East,34
2025-12-03,Clothing,East,45
2025-12-03,Home_Decor,East,101
2025-12-03,Perishables,East,78
2025-12-03,Industrial_Parts,East,134
2025-12-03,Electronics,West,115
2025-12-03,Clothing,West,54
2025-12-03,Home_Decor,West,124
2025-12-03,Perishables,West,99
2025-12-03,Industrial_Parts,West,67
2025-12-04,Electronics,North,68
2025-12-04,Clothing,North,124
2025-12-04,Home_Decor,North,30
2025-12-04,Perishables,North,68
2025-12-04,Industrial_Parts,North,138
2025-12-04,Electronics,South,53
2025-12-04,Clothing,South,124
2025-12-04,Home_Decor,South,133
2025-12-04,Perishables,South,118
2025-12-04,Industrial_Parts,South,140
2025-12-04,Electronics,East,106
2025-12-04,Clothing,East,126
2025-12-04,Home_Decor,East,131
2025-12-04,Perishables,East,79
2025-12-04,Industrial_Parts,East,87
2025-12-04,Electronics,West,109
2025-12-04,Clothing,West,95
2025-12-04,Home_Decor,West,119
2025-12-04,Perishables,West,106
2025-12-04,Industrial_Parts,West,125
2025-12-05,Electronics,North,115
2025-12-05,Clothing,North,90
2025-12-05,Home_Decor,North,43
2025-12-05,Perishables,North,145
2025-12-05,Industrial_Parts,North,47
2025-12-05,Electronics,South,33
2025-12-05,Clothing,South,15
2025-12-05,Home_Decor,South,137
2025-12-05,Perishables,South,49
2025-12-05,Industrial_Parts,South,124
2025-12-05,Electronics,East,67
2025-12-05,Clothing,East,149
2025-12-05,Home_Decor,East,105
2025-12-05,Perishables,East,65
2025-12-05,Industrial_Parts,East,100
2025-12-05,Electronics,West,84
2025-12-05,Clothing,West,63
2025-12-05,Home_Decor,West,103
2025-12-05,Perishables,West,125
2025-12-05,Industrial_Parts,West,33
2025-12-06,Electronics,North,62
2025-12-06,Clothing,North,103
2025-12-06,Home_Decor,North,43
2025-12-06,Perishables,North,64
2025-12-06,Industrial_Parts,North,113
2025-12-06,Electronics,South,141
2025-12-06,Clothing,South,102
2025-12-06,Home_Decor,South,123
2025-12-06,Perishables,South,135
2025-12-06,Industrial_Parts,South,103
2025-12-06,Electronics,East,108
2025-12-06,Clothing,East,36
2025-12-06,Home_Decor,East,85
2025-12-06,Perishables,East,84
2025-12-06,Industrial_Parts,East,67
2025-12-06,Electronics,West,138
2025-12-06,Clothing,West,55
2025-12-06,Home_Decor,West,34
2025-12-06,Perishables,West,142
2025-12-06,Industrial_Parts,West,151
2025-12-07,Electronics,North,110
2025-12-07,Clothing,North,114
2025-12-07,Home_Decor,North,81
2025-12-07,Perishables,North,110
2025-12-07,Industrial_Parts,North,104
2025-12-07,Electronics,South,59
2025-12-07,Clothing,South,141
2025-12-07,Home_Decor,South,134
2025-12-07,Perishables,South,58
2025-12-07,Industrial_Parts,South,138
2025-12-07,Electronics,East,66
2025-12-07,Clothing,East,96
2025-12-07,Home_Decor,East,55
2025-12-07,Perishables,East,52
2025-12-07,Industrial_Parts,East,133
2025-12-07,Electronics,West,58
2025-12-07,Clothing,West,137
2025-12-07,Home_Decor,West,124
2025-12-07,Perishables,West,37
2025-12-07,Industrial_Parts,West,60
2025-12-08,Electronics,North,99
2025-12-08,Clothing,North,113
2025-12-08,Home_Decor,North,114
2025-12-08,Perishables,North,130
2025-12-08,Industrial_Parts,North,79
2025-12-08,Electronics,South,156
2025-12-08,Clothing,South,167
2025-12-08,Home_Decor,South,93
2025-12-08,Perishables,South,155
2025-12-08,Industrial_Parts,South,73
2025-12-08,Electronics,East,53
2025-12-08,Clothing,East,95
2025-12-08,Home_Decor,East,34
2025-12-08,Perishables,East,88
2025-12-08,Industrial_Parts,East,74
2025-12-08,Electronics,West,145
2025-12-08,Clothing,West,59
2025-12-08,Home_Decor,West,80
2025-12-08,Perishables,West,80
2025-12-08,Industrial_Parts,West,96
2025-12-09,Electronics,North,61
2025-12-09,Clothing,North,126
2025-12-09,Home_Decor,North,139
2025-12-09,Perishables,North,96
2025-12-09,Industrial_Parts,North,79
2025-12-09,Electronics,South,40
2025-12-09,Clothing,South,149
2025-12-09,Home_Decor,South,149
2025-12-09,Perishables,South,155
2025-12-09,Industrial_Parts,South,162
2025-12-09,Electronics,East,114
2025-12-09,Clothing,East,82
2025-12-09,Home_Decor,East,160
2025-12-09,Perishables,East,68
2025-12-09,Industrial_Parts,East,108
2025-12-09,Electronics,West,28
2025-12-09,Clothing,West,106
2025-12-09,Home_Decor,West,153
2025-12-09,Perishables,West,111
2025-12-09,Industrial_Parts,West,85
2025-12-10,Electronics,North,79
2025-12-10,Clothing,North,94
2025-12-10,Home_Decor,North,82
2025-12-10,Perishables,North,72
2025-12-10,Industrial_Parts,North,65
2025-12-10,Electronics,South,162
2025-12-10,Clothing,South,119
2025-12-10,Home_Decor,South,144
2025-12-10,Perishables,South,73
2025-12-10,Industrial_Parts,South,85
2025-12-10,Electronics,East,127
2025-12-10,Clothing,East,47
2025-12-10,Home_Decor,East,137
2025-12-10,Perishables,East,82
2025-12-10,Industrial_Parts,East,146
2025-12-10,Electronics,West,59
2025-12-10,Clothing,West,67
2025-12-10,Home_Decor,West,59
2025-12-10,Perishables,West,154
2025-12-10,Industrial_Parts,West,66
2025-12-11,Electronics,North,76
2025-12-11,Clothing,North,70
2025-12-11,Home_Decor,North,70
2025-12-11,Perishables,North,87
2025-12-11,Industrial_Parts,North,91
2025-12-11,Electronics,South,149
2025-12-11,Clothing,South,83
2025-12-11,Home_Decor,South,104
2025-12-11,Perishables,South,96
2025-12-11,Industrial_Parts,South,147
2025-12-11,Electronics,East,94
2025-12-11,Clothing,East,105
2025-12-11,Home_Decor,East,97
2025-12-11,Perishables,East,122
2025-12-11,Industrial_Parts,East,71
2025-12-11,Electronics,West,103
2025-12-11,Clothing,West,119
2025-12-11,Home_Decor,West,80
2025-12-11,Perishables,West,126
2025-12-11,Industrial_Parts,West,87
2025-12-12,Electronics,North,117
2025-12-12,Clothing,North,76
2025-12-12,Home_Decor,North,65
2025-12-12,Perishables,North,51
2025-12-12,Industrial_Parts,North,116
2025-12-12,Electronics,South,126
2025-12-12,Clothing,South,124
2025-12-12,Home_Decor,South,154
2025-12-12,Perishables,South,65
2025-12-12,Industrial_Parts,South,47
2025-12-12,Electronics,East,94
2025-12-12,Clothing,East,77
2025-12-12,Home_Decor,East,42
2025-12-12,Perishables,East,49
2025-12-12,Industrial_Parts,East,75
2025-12-12,Electronics,West,107
2025-12-12,Clothing,West,71
2025-12-12,Home_Decor,West,46
2025-12-12,Perishables,West,73
2025-12-12,Industrial_Parts,West,89
2025-12-13,Electronics,North,155
2025-12-13,Clothing,North,168
2025-12-13,Home_Decor,North,161
2025-12-13,Perishables,North,110
2025-12-13,Industrial_Parts,North,133
2025-12-13,Electronics,South,155
2025-12-13,Clothing,South,73
2025-12-13,Home_Decor,South,67
2025-12-13,Perishables,South,143
2025-12-13,Industrial_Parts,South,135
2025-12-13,Electronics,East,105
2025-12-13,Clothing,East,76
2025-12-13,Home_Decor,East,139
2025-12-13,Perishables,East,141
2025-12-13,Industrial_Parts,East,133
2025-12-13,Electronics,West,39
2025-12-13,Clothing,West,145
2025-12-13,Home_Decor,West,118
2025-12-13,Perishables,West,67
2025-12-13,Industrial_Parts,West,66
2025-12-14,Electronics,North,58
2025-12-14,Clothing,North,79
2025-12-14,Home_Decor,North,97
2025-12-14,Perishables,North,43
2025-12-14,Industrial_Parts,North,155
2025-12-14,Electronics,South,129
2025-12-14,Clothing,South,50
2025-12-14,Home_Decor,South,100
2025-12-14,Perishables,South,107
2025-12-14,Industrial_Parts,South,106
2025-12-14,Electronics,East,94
2025-12-14,Clothing,East,140
2025-12-14,Home_Decor,East,64
2025-12-14,Perishables,East,89
2025-12-14,Industrial_Parts,East,67
2025-12-14,Electronics,West,110
2025-12-14,Clothing,West,61
2025-12-14,Home_Decor,West,69
2025-12-14,Perishables,West,61
2025-12-14,Industrial_Parts,West,128
2025-12-15,Electronics,North,113
2025-12-15,Clothing,North,137
2025-12-15,Home_Decor,North,80
2025-12-15,Perishables,North,86
2025-12-15,Industrial_Parts,North,143
2025-12-15,Electronics,South,103
2025-12-15,Clothing,South,16
2025-12-15,Home_Decor,South,76
2025-12-15,Perishables,South,153
2025-12-15,Industrial_Parts,South,113
2025-12-15,Electronics,East,125
2025-12-15,Clothing,East,172
2025-12-15,Home_Decor,East,119
2025-12-15,Perishables,East,137
2025-12-15,Industrial_Parts,East,89
2025-12-15,Electronics,West,54
2025-12-15,Clothing,West,79
2025-12-15,Home_Decor,West,125
2025-12-15,Perishables,West,98
2025-12-15,Industrial_Parts,West,99
2025-12-16,Electronics,North,142
2025-12-16,Clothing,North,94
2025-12-16,Home_Decor,North,49
2025-12-16,Perishables,North,102
2025-12-16,Industrial_Parts,North,101
2025-12-16,Electronics,South,144
2025-12-16,Clothing,South,87
2025-12-16,Home_Decor,South,108
2025-12-16,Perishables,South,91
2025-12-16,Industrial_Parts,South,50
2025-12-16,Electronics,East,131
2025-12-16,Clothing,East,41
2025-12-16,Home_Decor,East,85
2025-12-16,Perishables,East,58
2025-12-16,Industrial_Parts,East,82
2025-12-16,Electronics,West,143
2025-12-16,Clothing,West,104
2025-12-16,Home_Decor,West,154
2025-12-16,Perishables,West,135
2025-12-16,Industrial_Parts,West,131
2025-12-17,Electronics,North,64
2025-12-17,Clothing,North,84
2025-12-17,Home_Decor,North,136
2025-12-17,Perishables,North,85
2025-12-17,Industrial_Parts,North,57
2025-12-17,Electronics,South,121
2025-12-17,Clothing,South,110
2025-12-17,Home_Decor,South,152
2025-12-17,Perishables,South,112
2025-12-17,Industrial_Parts,South,81
2025-12-17,Electronics,East,49
2025-12-17,Clothing,East,122
2025-12-17,Home_Decor,East,83
2025-12-17,Perishables,East,84
2025-12-17,Industrial_Parts,East,91
2025-12-17,Electronics,West,54
2025-12-17,Clothing,West,143
2025-12-17,Home_Decor,West,54
2025-12-17,Perishables,West,132
2025-12-17,Industrial_Parts,West,87
2025-12-18,Electronics,North,40
2025-12-18,Clothing,North,65
2025-12-18,Home_Decor,North,69
2025-12-18,Perishables,North,85
2025-12-18,Industrial_Parts,North,54
2025-12-18,Electronics,South,101
2025-12-18,Clothing,South,72
2025-12-18,Home_Decor,South,164
2025-12-18,Perishables,South,139
2025-12-18,Industrial_Parts,South,104
2025-12-18,Electronics,East,122
2025-12-18,Clothing,East,116
2025-12-18,Home_Decor,East,54
2025-12-18,Perishables,East,87
2025-12-18,Industrial_Parts,East,58
2025-12-18,Electronics,West,102
2025-12-18,Clothing,West,145
2025-12-18,Home_Decor,West,68
2025-12-18,Perishables,West,116
2025-12-18,Industrial_Parts,West,119
2025-12-19,Electronics,North,75
2025-12-19,Clothing,North,124
2025-12-19,Home_Decor,North,69
2025-12-19,Perishables,North,74
2025-12-19,Industrial_Parts,North,103
2025-12-19,Electronics,South,42
2025-12-19,Clothing,South,41
2025-12-19,Home_Decor,South,61
2025-12-19,Perishables,South,80
2025-12-19,Industrial_Parts,South,146
2025-12-19,Electronics,East,112
2025-12-19,Clothing,East,143
2025-12-19,Home_Decor,East,130
2025-12-19,Perishables,East,158
2025-12-19,Industrial_Parts,East,84
2025-12-19,Electronics,West,60
2025-12-19,Clothing,West,104
2025-12-19,Home_Decor,West,78
2025-12-19,Perishables,West,77
2025-12-19,Industrial_Parts,West,57
2025-12-20,Electronics,North,143
2025-12-20,Clothing,North,92
2025-12-20,Home_Decor,North,38
2025-12-20,Perishables,North,51
2025-12-20,Industrial_Parts,North,112
2025-12-20,Electronics,South,141
2025-12-20,Clothing,South,63
2025-12-20,Home_Decor,South,165
2025-12-20,Perishables,South,91
2025-12-20,Industrial_Parts,South,62
2025-12-20,Electronics,East,78
2025-12-20,Clothing,East,93
2025-12-20,Home_Decor,East,73
2025-12-20,Perishables,East,59
2025-12-20,Industrial_Parts,East,61
2025-12-20,Electronics,West,120
2025-12-20,Clothing,West,80
2025-12-20,Home_Decor,West,102
2025-12-20,Perishables,West,27
2025-12-20,Industrial_Parts,West,118
2025-12-21,Electronics,North,52
2025-12-21,Clothing,North,131
2025-12-21,Home_Decor,North,100
2025-12-21,Perishables,North,104
2025-12-21,Industrial_Parts,North,161
2025-12-21,Electronics,South,130
2025-12-21,Clothing,South,98
2025-12-21,Home_Decor,South,72
2025-12-21,Perishables,South,69
2025-12-21,Industrial_Parts,South,105
2025-12-21,Electronics,East,88
2025-12-21,Clothing,East,103
2025-12-21,Home_Decor,East,85
2025-12-21,Perishables,East,116
2025-12-21,Industrial_Parts,East,70
2025-12-21,Electronics,West,121
2025-12-21,Clothing,West,78
2025-12-21,Home_Decor,West,119
2025-12-21,Perishables,West,78
2025-12-21,Industrial_Parts,West,71
2025-12-22,Electronics,North,122
2025-12-22,Clothing,North,144
2025-12-22,Home_Decor,North,144
2025-12-22,Perishables,North,43
2025-12-22,Industrial_Parts,North,43
2025-12-22,Electronics,South,158
2025-12-22,Clothing,South,72
2025-12-22,Home_Decor,South,100
2025-12-22,Perishables,South,118
2025-12-22,Industrial_Parts,South,152
2025-12-22,Electronics,East,90
2025-12-22,Clothing,East,111
2025-12-22,Home_Decor,East,63
2025-12-22,Perishables,East,180
2025-12-22,Industrial_Parts,East,127
2025-12-22,Electronics,West,148
2025-12-22,Clothing,West,66
2025-12-22,Home_Decor,West,147
2025-12-22,Perishables,West,144
2025-12-22,Industrial_Parts,West,105
2025-12-23,Electronics,North,124
2025-12-23,Clothing,North,139
2025-12-23,Home_Decor,North,133
2025-12-23,Perishables,North,133
2025-12-23,Industrial_Parts,North,155
2025-12-23,Electronics,South,52
2025-12-23,Clothing,South,34
2025-12-23,Home_Decor,South,89
2025-12-23,Perishables,South,53
2025-12-23,Industrial_Parts,South,63
2025-12-23,Electronics,East,76
2025-12-23,Clothing,East,85
2025-12-23,Home_Decor,East,56
2025-12-23,Perishables,East,129
2025-12-23,Industrial_Parts,East,128
2025-12-23,Electronics,West,134
2025-12-23,Clothing,West,105
2025-12-23,Home_Decor,West,86
2025-12-23,Perishables,West,158
2025-12-23,Industrial_Parts,West,62
2025-12-24,Electronics,North,99
2025-12-24,Clothing,North,55
2025-12-24,Home_Decor,North,63
2025-12-24,Perishables,North,151
2025-12-24,Industrial_Parts,North,159
2025-12-24,Electronics,South,123
2025-12-24,Clothing,South,74
2025-12-24,Home_Decor,South,102
2025-12-24,Perishables,South,71
2025-12-24,Industrial_Parts,South,99
2025-12-24,Electronics,East,97
2025-12-24,Clothing,East,109
2025-12-24,Home_Decor,East,117
2025-12-24,Perishables,East,82
2025-12-24,Industrial_Parts,East,100
2025-12-24,Electronics,West,74
2025-12-24,Clothing,West,91
2025-12-24,Home_Decor,West,112
2025-12-24,Perishables,West,157
2025-12-24,Industrial_Parts,West,105
2025-12-25,Electronics,North,122
2025-12-25,Clothing,North,40
2025-12-25,Home_Decor,North,78
2025-12-25,Perishables,North,92
2025-12-25,Industrial_Parts,North,100
2025-12-25,Electronics,South,46
2025-12-25,Clothing,South,144
2025-12-25,Home_Decor,South,68
2025-12-25,Perishables,South,80
2025-12-25,Industrial_Parts,South,164
2025-12-25,Electronics,East,92
2025-12-25,Clothing,East,90
2025-12-25,Home_Decor,East,104
2025-12-25,Perishables,East,139
2025-12-25,Industrial_Parts,East,79
2025-12-25,Electronics,West,137
2025-12-25,Clothing,West,141
2025-12-25,Home_Decor,West,66
2025-12-25,Perishables,West,54
2025-12-25,Industrial_Parts,West,50
2025-12-26,Electronics,North,115
2025-12-26,Clothing,North,137
2025-12-26,Home_Decor,North,58
2025-12-26,Perishables,North,111
2025-12-26,Industrial_Parts,North,108
2025-12-26,Electronics,South,64
2025-12-26,Clothing,South,102
2025-12-26,Home_Decor,South,74
2025-12-26,Perishables,South,85
2025-12-26,Industrial_Parts,South,131
2025-12-26,Electronics,East,158
2025-12-26,Clothing,East,88
2025-12-26,Home_Decor,East,106
2025-12-26,Perishables,East,60
2025-12-26,Industrial_Parts,East,60
2025-12-26,Electronics,West,103
2025-12-26,Clothing,West,94
2025-12-26,Home_Decor,West,97
2025-12-26,Perishables,West,138
2025-12-26,Industrial_Parts,West,110
2025-12-27,Electronics,North,77
2025-12-27,Clothing,North,78
2025-12-27,Home_Decor,North,132
2025-12-27,Perishables,North,126
2025-12-27,Industrial_Parts,North,146
2025-12-27,Electronics,South,166
2025-12-27,Clothing,South,106
2025-12-27,Home_Decor,South,80
2025-12-27,Perishables,South,49
2025-12-27,Industrial_Parts,South,124
2025-12-27,Electronics,East,50
2025-12-27,Clothing,East,66
2025-12-27,Home_Decor,East,154
2025-12-27,Perishables,East,146
2025-12-27,Industrial_Parts,East,68
2025-12-27,Electronics,West,127
2025-12-27,Clothing,West,93
2025-12-27,Home_Decor,West,142
2025-12-27,Perishables,West,104
2025-12-27,Industrial_Parts,West,85
2025-12-28,Electronics,North,124
2025-12-28,Clothing,North,77
2025-12-28,Home_Decor,North,85
2025-12-28,Perishables,North,42
2025-12-28,Industrial_Parts,North,122
2025-12-28,Electronics,South,99
2025-12-28,Clothing,South,121
2025-12-28,Home_Decor,South,99
2025-12-28,Perishables,South,48
2025-12-28,Industrial_Parts,South,136
2025-12-28,Electronics,East,183
2025-12-28,Clothing,East,60
2025-12-28,Home_Decor,East,150
2025-12-28,Perishables,East,124
2025-12-28,Industrial_Parts,East,154
2025-12-28,Electronics,West,51
2025-12-28,Clothing,West,111
2025-12-28,Home_Decor,West,70
2025-12-28,Perishables,West,160
2025-12-28,Industrial_Parts,West,130
2025-12-29,Electronics,North,137
2025-12-29,Clothing,North,78
2025-12-29,Home_Decor,North,61
2025-12-29,Perishables,North,116
2025-12-29,Industrial_Parts,North,127
2025-12-29,Electronics,South,82
2025-12-29,Clothing,South,153
2025-12-29,Home_Decor,South,79
2025-12-29,Perishables,South,157
2025-12-29,Industrial_Parts,South,55
2025-12-29,Electronics,East,35
2025-12-29,Clothing,East,47
2025-12-29,Home_Decor,East,56
2025-12-29,Perishables,East,96
2025-12-29,Industrial_Parts,East,90
2025-12-29,Electronics,West,58
2025-12-29,Clothing,West,90
2025-12-29,Home_Decor,West,152
2025-12-29,Perishables,West,51
2025-12-29,Industrial_Parts,West,125
2025-12-30,Electronics,North,121
2025-12-30,Clothing,North,47
2025-12-30,Home_Decor,North,117
2025-12-30,Perishables,North,150
2025-12-30,Industrial_Parts,North,146
2025-12-30,Electronics,South,127
2025-12-30,Clothing,South,154
2025-12-30,Home_Decor,South,74
2025-12-30,Perishables,South,59
2025-12-30,Industrial_Parts,South,150
2025-12-30,Electronics,East,85
2025-12-30,Clothing,East,118
2025-12-30,Home_Decor,East,68
2025-12-30,Perishables,East,161
2025-12-30,Industrial_Parts,East,104
2025-12-30,Electronics,West,113
2025-12-30,Clothing,West,100
2025-12-30,Home_Decor,West,66
2025-12-30,Perishables,West,82
2025-12-30,Industrial_Parts,West,98
2025-12-31,Electronics,North,54
2025-12-31,Clothing,North,54
2025-12-31,Home_Decor,North,61
2025-12-31,Perishables,North,143
2025-12-31,Industrial_Parts,North,66
2025-12-31,Electronics,South,132
2025-12-31,Clothing,South,115
2025-12-31,Home_Decor,South,87
2025-12-31,Perishables,South,57
2025-12-31,Industrial_Parts,South,142
2025-12-31,Electronics,East,54
2025-12-31,Clothing,East,119
2025-12-31,Home_Decor,East,138
2025-12-31,Perishables,East,103
2025-12-31,Industrial_Parts,East,102
2025-12-31,Electronics,West,58
2025-12-31,Clothing,West,92
2025-12-31,Home_Decor,West,170
2025-12-31,Perishables,West,119
2025-12-31,Industrial_Parts,West,39
2026-01-01,Electronics,North,169
2026-01-01,Clothing,North,128
2026-01-01,Home_Decor,North,48
2026-01-01,Perishables,North,154
2026-01-01,Industrial_Parts,North,51
2026-01-01,Electronics,South,175
2026-01-01,Clothing,South,59
2026-01-01,Home_Decor,South,122
2026-01-01,Perishables,South,163
2026-01-01,Industrial_Parts,South,98
2026-01-01,Electronics,East,133
2026-01-01,Clothing,East,83
2026-01-01,Home_Decor,East,149
2026-01-01,Perishables,East,143
2026-01-01,Industrial_Parts,East,69
2026-01-01,Electronics,West,73
2026-01-01,Clothing,West,48
2026-01-01,Home_Decor,West,39
2026-01-01,Perishables,West,83
2026-01-01,Industrial_Parts,West,178
2026-01-02,Electronics,North,108
2026-01-02,Clothing,North,55
2026-01-02,Home_Decor,North,60
2026-01-02,Perishables,North,58
2026-01-02,Industrial_Parts,North,83
2026-01-02,Electronics,South,54
2026-01-02,Clothing,South,107
2026-01-02,Home_Decor,South,82
2026-01-02,Perishables,South,149
2026-01-02,Industrial_Parts,South,74
2026-01-02,Electronics,East,131
2026-01-02,Clothing,East,135
2026-01-02,Home_Decor,East,113
2026-01-02,Perishables,East,62
2026-01-02,Industrial_Parts,East,72
2026-01-02,Electronics,West,98
2026-01-02,Clothing,West,105
2026-01-02,Home_Decor,West,157
2026-01-02,Perishables,West,126
2026-01-02,Industrial_Parts,West,106
2026-01-03,Electronics,North,42
2026-01-03,Clothing,North,162
2026-01-03,Home_Decor,North,85
2026-01-03,Perishables,North,53
2026-01-03,Industrial_Parts,North,83
2026-01-03,Electronics,South,81
2026-01-03,Clothing,South,94
2026-01-03,Home_Decor,South,100
2026-01-03,Perishables,South,59
2026-01-03,Industrial_Parts,South,159
2026-01-03,Electronics,East,81
2026-01-03,Clothing,East,174
2026-01-03,Home_Decor,East,137
2026-01-03,Perishables,East,26
2026-01-03,Industrial_Parts,East,164
2026-01-03,Electronics,West,167
2026-01-03,Clothing,West,151
2026-01-03,Home_Decor,West,101
2026-01-03,Perishables,West,68
2026-01-03,Industrial_Parts,West,88
2026-01-04,Electronics,North,62
2026-01-04,Clothing,North,148
2026-01-04,Home_Decor,North,61
2026-01-04,Perishables,North,135
2026-01-04,Industrial_Parts,North,79
2026-01-04,Electronics,South,57
2026-01-04,Clothing,South,122
2026-01-04,Home_Decor,South,58
2026-01-04,Perishables,South,98
2026-01-04,Industrial_Parts,South,142
2026-01-04,Electronics,East,115
2026-01-04,Clothing,East,93
2026-01-04,Home_Decor,East,89
2026-01-04,Perishables,East,85
2026-01-04,Industrial_Parts,East,62
2026-01-04,Electronics,West,106
2026-01-04,Clothing,West,145
2026-01-04,Home_Decor,West,162
2026-01-04,Perishables,West,146
2026-01-04,Industrial_Parts,West,108
2026-01-05,Electronics,North,159
2026-01-05,Clothing,North,146
2026-01-05,Home_Decor,North,58
2026-01-05,Perishables,North,69
2026-01-05,Industrial_Parts,North,77
2026-01-05,Electronics,South,49
2026-01-05,Clothing,South,141
2026-01-05,Home_Decor,South,126
2026-01-05,Perishables,South,178
2026-01-05,Industrial_Parts,South,119
2026-01-05,Electronics,East,125
2026-01-05,Clothing,East,92
2026-01-05,Home_Decor,East,90
2026-01-05,Perishables,East,83
2026-01-05,Industrial_Parts,East,173
2026-01-05,Electronics,West,120
2026-01-05,Clothing,West,135
2026-01-05,Home_Decor,West,158
2026-01-05,Perishables,West,164
2026-01-05,Industrial_Parts,West,107
2026-01-06,Electronics,North,86
2026-01-06,Clothing,North,175
2026-01-06,Home_Decor,North,38
2026-01-06,Perishables,North,117
2026-01-06,Industrial_Parts,North,140
2026-01-06,Electronics,South,105
2026-01-06,Clothing,South,143
2026-01-06,Home_Decor,South,147
2026-01-06,Perishables,South,118
2026-01-06,Industrial_Parts,South,33
2026-01-06,Electronics,East,76
2026-01-06,Clothing,East,141
2026-01-06,Home_Decor,East,171
2026-01-06,Perishables,East,134
2026-01-06,Industrial_Parts,East,58
2026-01-06,Electronics,West,146
2026-01-06,Clothing,West,161
2026-01-06,Home_Decor,West,50
2026-01-06,Perishables,West,131
2026-01-06,Industrial_Parts,West,144
2026-01-07,Electronics,North,73
2026-01-07,Clothing,North,83
2026-01-07,Home_Decor,North,116
2026-01-07,Perishables,North,173
2026-01-07,Industrial_Parts,North,89
2026-01-07,Electronics,South,79
2026-01-07,Clothing,South,88
2026-01-07,Home_Decor,South,137
2026-01-07,Perishables,South,144
2026-01-07,Industrial_Parts,South,153
2026-01-07,Electronics,East,129
2026-01-07,Clothing,East,124
2026-01-07,Home_Decor,East,75
2026-01-07,Perishables,East,122
2026-01-07,Industrial_Parts,East,52
2026-01-07,Electronics,West,66
2026-01-07,Clothing,West,135
2026-01-07,Home_Decor,West,99
2026-01-07,Perishables,West,79
2026-01-07,Industrial_Parts,West,170
2026-01-08,Electronics,North,165
2026-01-08,Clothing,North,161
2026-01-08,Home_Decor,North,59
2026-01-08,Perishables,North,62
2026-01-08,Industrial_Parts,North,108
2026-01-08,Electronics,South,173
2026-01-08,Clothing,South,149
2026-01-08,Home_Decor,South,109
2026-01-08,Perishables,South,39
2026-01-08,Industrial_Parts,South,161
2026-01-08,Electronics,East,84
2026-01-08,Clothing,East,73
2026-01-08,Home_Decor,East,97
2026-01-08,Perishables,East,118
2026-01-08,Industrial_Parts,East,81
2026-01-08,Electronics,West,70
2026-01-08,Clothing,West,110
2026-01-08,Home_Decor,West,172
2026-01-08,Perishables,West,140
2026-01-08,Industrial_Parts,West,113
2026-01-09,Electronics,North,104
2026-01-09,Clothing,North,77
2026-01-09,Home_Decor,North,88
2026-01-09,Perishables,North,150
2026-01-09,Industrial_Parts,North,133
2026-01-09,Electronics,South,113
2026-01-09,Clothing,South,73
2026-01-09,Home_Decor,South,119
2026-01-09,Perishables,South,19
2026-01-09,Industrial_Parts,South,175
2026-01-09,Electronics,East,39
2026-01-09,Clothing,East,130
2026-01-09,Home_Decor,East,104
2026-01-09,Perishables,East,67
2026-01-09,Industrial_Parts,East,82
2026-01-09,Electronics,West,149
2026-01-09,Clothing,West,54
2026-01-09,Home_Decor,West,84
2026-01-09,Perishables,West,127
2026-01-09,Industrial_Parts,West,103
2026-01-10,Electronics,North,79
2026-01-10,Clothing,North,128
2026-01-10,Home_Decor,North,128
2026-01-10,Perishables,North,144
2026-01-10,Industrial_Parts,North,132
2026-01-10,Electronics,South,71
2026-01-10,Clothing,South,68
2026-01-10,Home_Decor,South,147
2026-01-10,Perishables,South,83
2026-01-10,Industrial_Parts,South,134
2026-01-10,Electronics,East,165
2026-01-10,Clothing,East,73
2026-01-10,Home_Decor,East,113
2026-01-10,Perishables,East,171
2026-01-10,Industrial_Parts,East,80
2026-01-10,Electronics,West,74
2026-01-10,Clothing,West,126
2026-01-10,Home_Decor,West,54
2026-01-10,Perishables,West,56
2026-01-10,Industrial_Parts,West,145
2026-01-11,Electronics,North,128
2026-01-11,Clothing,North,113
2026-01-11,Home_Decor,North,101
2026-01-11,Perishables,North,158
2026-01-11,Industrial_Parts,North,160
2026-01-11,Electronics,South,110
2026-01-11,Clothing,South,155
2026-01-11,Home_Decor,South,67
2026-01-11,Perishables,South,133
2026-01-11,Industrial_Parts,South,151
2026-01-11,Electronics,East,148
2026-01-11,Clothing,East,78
2026-01-11,Home_Decor,East,55
2026-01-11,Perishables,East,56
2026-01-11,Industrial_Parts,East,85
2026-01-11,Electronics,West,56
2026-01-11,Clothing,West,118
2026-01-11,Home_Decor,West,98
2026-01-11,Perishables,West,97
2026-01-11,Industrial_Parts,West,86
2026-01-12,Electronics,North,86
2026-01-12,Clothing,North,159
2026-01-12,Home_Decor,North,123
2026-01-12,Perishables,North,40
2026-01-12,Industrial_Parts,North,82
2026-01-12,Electronics,South,159
2026-01-12,Clothing,South,138
2026-01-12,Home_Decor,South,81
2026-01-12,Perishables,South,125
2026-01-12,Industrial_Parts,South,68
2026-01-12,Electronics,East,123
2026-01-12,Clothing,East,54
2026-01-12,Home_Decor,East,158
2026-01-12,Perishables,East,54
2026-01-12,Industrial_Parts,East,90
2026-01-12,Electronics,West,41
2026-01-12,Clothing,West,164
2026-01-12,Home_Decor,West,144
2026-01-12,Perishables,West,84
2026-01-12,Industrial_Parts,West,103
2026-01-13,Electronics,North,64
2026-01-13,Clothing,North,101
2026-01-13,Home_Decor,North,109
2026-01-13,Perishables,North,162
2026-01-13,Industrial_Parts,North,139
2026-01-13,Electronics,South,140
2026-01-13,Clothing,South,61
2026-01-13,Home_Decor,South,35
2026-01-13,Perishables,South,103
2026-01-13,Industrial_Parts,South,123
2026-01-13,Electronics,East,40
2026-01-13,Clothing,East,85
2026-01-13,Home_Decor,East,120
2026-01-13,Perishables,East,141
2026-01-13,Industrial_Parts,East,92
2026-01-13,Electronics,West,188
2026-01-13,Clothing,West,41
2026-01-13,Home_Decor,West,130
2026-01-13,Perishables,West,67
2026-01-13,Industrial_Parts,West,103
2026-01-14,Electronics,North,157
2026-01-14,Clothing,North,63
2026-01-14,Home_Decor,North,161
2026-01-14,Perishables,North,119
2026-01-14,Industrial_Parts,North,152
2026-01-14,Electronics,South,179
2026-01-14,Clothing,South,98
2026-01-14,Home_Decor,South,60
2026-01-14,Perishables,South,75
2026-01-14,Industrial_Parts,South,142
2026-01-14,Electronics,East,67
2026-01-14,Clothing,East,182
2026-01-14,Home_Decor,East,161
2026-01-14,Perishables,East,167
2026-01-14,Industrial_Parts,East,167
2026-01-14,Electronics,West,108
2026-01-14,Clothing,West,146
2026-01-14,Home_Decor,West,69
2026-01-14,Perishables,West,59
2026-01-14,Industrial_Parts,West,176
2026-01-15,Electronics,North,156
2026-01-15,Clothing,North,164
2026-01-15,Home_Decor,North,111
2026-01-15,Perishables,North,47
2026-01-15,Industrial_Parts,North,133
2026-01-15,Electronics,South,79
2026-01-15,Clothing,South,138
2026-01-15,Home_Decor,South,143
2026-01-15,Perishables,South,51
2026-01-15,Industrial_Parts,South,158
2026-01-15,Electronics,East,134
2026-01-15,Clothing,East,74
2026-01-15,Home_Decor,East,88
2026-01-15,Perishables,East,90
2026-01-15,Industrial_Parts,East,50
2026-01-15,Electronics,West,122
2026-01-15,Clothing,West,89
2026-01-15,Home_Decor,West,72
2026-01-15,Perishables,West,134
2026-01-15,Industrial_Parts,West,127
2026-01-16,Electronics,North,76
2026-01-16,Clothing,North,133
2026-01-16,Home_Decor,North,64
2026-01-16,Perishables,North,130
2026-01-16,Industrial_Parts,North,74
2026-01-16,Electronics,South,93
2026-01-16,Clothing,South,83
2026-01-16,Home_Decor,South,146
2026-01-16,Perishables,South,75
2026-01-16,Industrial_Parts,South,122
2026-01-16,Electronics,East,75
2026-01-16,Clothing,East,177
2026-01-16,Home_Decor,East,78
2026-01-16,Perishables,East,60
2026-01-16,Industrial_Parts,East,96
2026-01-16,Electronics,West,86
2026-01-16,Clothing,West,179
2026-01-16,Home_Decor,West,41
2026-01-16,Perishables,West,183
2026-01-16,Industrial_Parts,West,56
2026-01-17,Electronics,North,105
2026-01-17,Clothing,North,192
2026-01-17,Home_Decor,North,191
2026-01-17,Perishables,North,65
2026-01-17,Industrial_Parts,North,139
2026-01-17,Electronics,South,158
2026-01-17,Clothing,South,153
2026-01-17,Home_Decor,South,94
2026-01-17,Perishables,South,99
2026-01-17,Industrial_Parts,South,35
2026-01-17,Electronics,East,66
2026-01-17,Clothing,East,185
2026-01-17,Home_Decor,East,101
2026-01-17,Perishables,East,139
2026-01-17,Industrial_Parts,East,141
2026-01-17,Electronics,West,140
2026-01-17,Clothing,West,51
2026-01-17,Home_Decor,West,57
2026-01-17,Perishables,West,91
2026-01-17,Industrial_Parts,West,187
2026-01-18,Electronics,North,84
2026-01-18,Clothing,North,182
2026-01-18,Home_Decor,North,105
2026-01-18,Perishables,North,122
2026-01-18,Industrial_Parts,North,69
2026-01-18,Electronics,South,107
2026-01-18,Clothing,South,77
2026-01-18,Home_Decor,South,51
2026-01-18,Perishables,South,135
2026-01-18,Industrial_Parts,South,114
2026-01-18,Electronics,East,53
2026-01-18,Clothing,East,81
2026-01-18,Home_Decor,East,78
2026-01-18,Perishables,East,74
2026-01-18,Industrial_Parts,East,75
2026-01-18,Electronics,West,78
2026-01-18,Clothing,West,93
2026-01-18,Home_Decor,West,118
2026-01-18,Perishables,West,156
2026-01-18,Industrial_Parts,West,132
2026-01-19,Electronics,North,68
2026-01-19,Clothing,North,85
2026-01-19,Home_Decor,North,113
2026-01-19,Perishables,North,47
2026-01-19,Industrial_Parts,North,72
2026-01-19,Electronics,South,140
2026-01-19,Clothing,South,146
2026-01-19,Home_Decor,South,132
2026-01-19,Perishables,South,84
2026-01-19,Industrial_Parts,South,175
2026-01-19,Electronics,East,108
2026-01-19,Clothing,East,88
2026-01-19,Home_Decor,East,144
2026-01-19,Perishables,East,58
2026-01-19,Industrial_Parts,East,180
2026-01-19,Electronics,West,77
2026-01-19,Clothing,West,133
2026-01-19,Home_Decor,West,140
2026-01-19,Perishables,West,152
2026-01-19,Industrial_Parts,West,150
2026-01-20,Electronics,North,81
2026-01-20,Clothing,North,62
2026-01-20,Home_Decor,North,104
2026-01-20,Perishables,North,64
2026-01-20,Industrial_Parts,North,150
2026-01-20,Electronics,South,53
2026-01-20,Clothing,South,127
2026-01-20,Home_Decor,South,126
2026-01-20,Perishables,South,92
2026-01-20,Industrial_Parts,South,106
2026-01-20,Electronics,East,124
2026-01-20,Clothing,East,90
2026-01-20,Home_Decor,East,58
2026-01-20,Perishables,East,187
2026-01-20,Industrial_Parts,East,78
2026-01-20,Electronics,West,141
2026-01-20,Clothing,West,115
2026-01-20,Home_Decor,West,71
2026-01-20,Perishables,West,91
2026-01-20,Industrial_Parts,West,171
2026-01-21,Electronics,North,125
2026-01-21,Clothing,North,104
2026-01-21,Home_Decor,North,86
2026-01-21,Perishables,North,97
2026-01-21,Industrial_Parts,North,107
2026-01-21,Electronics,South,38
2026-01-21,Clothing,South,47
2026-01-21,Home_Decor,South,86
2026-01-21,Perishables,South,95
2026-01-21,Industrial_Parts,South,145
2026-01-21,Electronics,East,80
2026-01-21,Clothing,East,146
2026-01-21,Home_Decor,East,62
2026-01-21,Perishables,East,206
2026-01-21,Industrial_Parts,East,94
2026-01-21,Electronics,West,59
2026-01-21,Clothing,West,72
2026-01-21,Home_Decor,West,105
2026-01-21,Perishables,West,102
2026-01-21,Industrial_Parts,West,190
2026-01-22,Electronics,North,100
2026-01-22,Clothing,North,76
2026-01-22,Home_Decor,North,147
2026-01-22,Perishables,North,123
2026-01-22,Industrial_Parts,North,120
2026-01-22,Electronics,South,96
2026-01-22,Clothing,South,143
2026-01-22,Home_Decor,South,147
2026-01-22,Perishables,South,160
2026-01-22,Industrial_Parts,South,175
2026-01-22,Electronics,East,149
2026-01-22,Clothing,East,36
2026-01-22,Home_Decor,East,118
2026-01-22,Perishables,East,102
2026-01-22,Industrial_Parts,East,97
2026-01-22,Electronics,West,76
2026-01-22,Clothing,West,68
2026-01-22,Home_Decor,West,163
2026-01-22,Perishables,West,193
2026-01-22,Industrial_Parts,West,75
2026-01-23,Electronics,North,195
2026-01-23,Clothing,North,182
2026-01-23,Home_Decor,North,78
2026-01-23,Perishables,North,80
2026-01-23,Industrial_Parts,North,139
2026-01-23,Electronics,South,178
2026-01-23,Clothing,South,104
2026-01-23,Home_Decor,South,97
2026-01-23,Perishables,South,70
2026-01-23,Industrial_Parts,South,90
2026-01-23,Electronics,East,95
2026-01-23,Clothing,East,85
2026-01-23,Home_Decor,East,156
2026-01-23,Perishables,East,187
2026-01-23,Industrial_Parts,East,64
2026-01-23,Electronics,West,108
2026-01-23,Clothing,West,94
2026-01-23,Home_Decor,West,90
2026-01-23,Perishables,West,181
2026-01-23,Industrial_Parts,West,182
2026-01-24,Electronics,North,151
2026-01-24,Clothing,North,125
2026-01-24,Home_Decor,North,155
2026-01-24,Perishables,North,55
2026-01-24,Industrial_Parts,North,94
2026-01-24,Electronics,South,107
2026-01-24,Clothing,South,123
2026-01-24,Home_Decor,South,92
2026-01-24,Perishables,South,158
2026-01-24,Industrial_Parts,South,154
2026-01-24,Electronics,East,125
2026-01-24,Clothing,East,139
2026-01-24,Home_Decor,East,123
2026-01-24,Perishables,East,54
2026-01-24,Industrial_Parts,East,55
2026-01-24,Electronics,West,124
2026-01-24,Clothing,West,59
2026-01-24,Home_Decor,West,182
2026-01-24,Perishables,West,62
2026-01-24,Industrial_Parts,West,181
2026-01-25,Electronics,North,151
2026-01-25,Clothing,North,188
2026-01-25,Home_Decor,North,168
2026-01-25,Perishables,North,174
2026-01-25,Industrial_Parts,North,58
2026-01-25,Electronics,South,149
2026-01-25,Clothing,South,183
2026-01-25,Home_Decor,South,139
2026-01-25,Perishables,South,98
2026-01-25,Industrial_Parts,South,76
2026-01-25,Electronics,East,143
2026-01-25,Clothing,East,86
2026-01-25,Home_Decor,East,156
2026-01-25,Perishables,East,83
2026-01-25,Industrial_Parts,East,183
2026-01-25,Electronics,West,125
2026-01-25,Clothing,West,83
2026-01-25,Home_Decor,West,138
2026-01-25,Perishables,West,72
2026-01-25,Industrial_Parts,West,74
2026-01-26,Electronics,North,91
2026-01-26,Clothing,North,112
2026-01-26,Home_Decor,North,76
2026-01-26,Perishables,North,100
2026-01-26,Industrial_Parts,North,72
2026-01-26,Electronics,South,193
2026-01-26,Clothing,South,160
2026-01-26,Home_Decor,South,167
2026-01-26,Perishables,South,85
2026-01-26,Industrial_Parts,South,191
2026-01-26,Electronics,East,85
2026-01-26,Clothing,East,127
2026-01-26,Home_Decor,East,135
2026-01-26,Perishables,East,180
2026-01-26,Industrial_Parts,East,84
2026-01-26,Electronics,West,170
2026-01-26,Clothing,West,201
2026-01-26,Home_Decor,West,94
2026-01-26,Perishables,West,153
2026-01-26,Industrial_Parts,West,178
2026-01-27,Electronics,North,70
2026-01-27,Clothing,North,44
2026-01-27,Home_Decor,North,132
2026-01-27,Perishables,North,147
2026-01-27,Industrial_Parts,North,94
2026-01-27,Electronics,South,59
2026-01-27,Clothing,South,194
2026-01-27,Home_Decor,South,140
2026-01-27,Perishables,South,132
2026-01-27,Industrial_Parts,South,51
2026-01-27,Electronics,East,61
2026-01-27,Clothing,East,135
2026-01-27,Home_Decor,East,180
2026-01-27,Perishables,East,62
2026-01-27,Industrial_Parts,East,56
2026-01-27,Electronics,West,128
2026-01-27,Clothing,West,60
2026-01-27,Home_Decor,West,152
2026-01-27,Perishables,West,119
2026-01-27,Industrial_Parts,West,78
2026-01-28,Electronics,North,129
2026-01-28,Clothing,North,195
2026-01-28,Home_Decor,North,70
2026-01-28,Perishables,North,125
2026-01-28,Industrial_Parts,North,124
2026-01-28,Electronics,South,145
2026-01-28,Clothing,South,107
2026-01-28,Home_Decor,South,81
2026-01-28,Perishables,South,130
2026-01-28,Industrial_Parts,South,113
2026-01-28,Electronics,East,80
2026-01-28,Clothing,East,175
2026-01-28,Home_Decor,East,85
2026-01-28,Perishables,East,90
2026-01-28,Industrial_Parts,East,60
2026-01-28,Electronics,West,114
2026-01-28,Clothing,West,80
2026-01-28,Home_Decor,West,99
2026-01-28,Perishables,West,89
2026-01-28,Industrial_Parts,West,47
2026-01-29,Electronics,North,179
2026-01-29,Clothing,North,99
2026-01-29,Home_Decor,North,69
2026-01-29,Perishables,North,57
2026-01-29,Industrial_Parts,North,80
2026-01-29,Electronics,South,134
2026-01-29,Clothing,South,154
2026-01-29,Home_Decor,South,56
2026-01-29,Perishables,South,104
2026-01-29,Industrial_Parts,South,189
2026-01-29,Electronics,East,113
2026-01-29,Clothing,East,81
2026-01-29,Home_Decor,East,135
2026-01-29,Perishables,East,73
2026-01-29,Industrial_Parts,East,118
2026-01-29,Electronics,West,62
2026-01-29,Clothing,West,102
2026-01-29,Home_Decor,West,96
2026-01-29,Perishables,West,159
2026-01-29,Industrial_Parts,West,146
